p0_deberta-v3-large,p1_deberta-v3-large
3.0415963e-06,0.9999969
3.9825127e-06,0.99999607
4.8038232e-06,0.99999523
0.99979216,0.00020784386
0.00047101182,0.999529
3.5699022e-06,0.9999964
0.99991846,8.156225e-05
0.9998969,0.00010310212
1.2171439e-05,0.99998784
0.99989283,0.000107208805
0.99980444,0.00019563534
4.013747e-06,0.99999595
0.999908,9.206084e-05
0.9998233,0.00017674513
0.9997125,0.0002874147
1.3900195e-05,0.99998605
3.1259124e-06,0.9999969
6.6955386e-06,0.9999933
4.0452273e-06,0.99999595
1.0370215e-05,0.9999896
6.6694347e-06,0.9999933
1.6506849e-05,0.99998355
7.4112804e-06,0.9999926
2.3369335e-05,0.99997663
3.0297385e-06,0.999997
4.4254907e-06,0.9999956
2.1195112e-05,0.9999788
0.999902,9.7997676e-05
8.5637075e-06,0.9999914
6.9622565e-06,0.9999931
6.085041e-05,0.9999392
3.9825127e-06,0.99999607
4.936989e-06,0.9999951
3.3667395e-06,0.99999666
7.016861e-06,0.99999297
3.1504292e-06,0.9999969
3.065452e-06,0.9999969
3.5699022e-06,0.9999964
3.1259124e-06,0.9999969
0.004991961,0.995008
3.3145427e-06,0.99999666
5.2966143e-06,0.99999475
5.194169e-06,0.99999475
0.99991715,8.284656e-05
0.9998416,0.00015843622
0.999826,0.00017400544
0.99957114,0.00042887926
3.640312e-06,0.9999963
4.9757095e-06,0.999995
0.9999379,6.205049e-05
0.9992679,0.0007321813
4.10893e-06,0.99999595
3.175138e-06,0.9999968
4.3229747e-06,0.9999957
7.440287e-06,0.9999926
5.8857604e-06,0.99999416
7.827868e-06,0.99999213
9.895332e-06,0.9999901
4.9177415e-06,0.9999951
3.9825127e-06,0.99999607
4.898569e-06,0.9999951
4.3229747e-06,0.9999957
4.9757095e-06,0.999995
3.822911e-05,0.99996173
3.065452e-06,0.9999969
4.4428116e-06,0.9999956
1.1705164e-05,0.9999883
3.7705674e-06,0.9999962
0.9992099,0.00079008617
3.8150138e-06,0.9999962
5.5725272e-06,0.9999944
3.2125656e-06,0.9999968
6.278188e-05,0.9999372
4.9563114e-06,0.999995
4.0452273e-06,0.99999595
0.99968183,0.0003181293
3.175138e-06,0.9999968
2.9827668e-06,0.999997
1.9756046e-05,0.9999802
5.3381555e-06,0.99999464
0.99991286,8.716188e-05
3.4064249e-06,0.99999654
5.422219e-06,0.99999464
3.6976385e-06,0.9999963
0.9998574,0.00014257943
6.464239e-06,0.99999356
0.004331502,0.99566853
3.640312e-06,0.9999963
4.6378736e-06,0.99999535
3.7636444e-05,0.99996233
3.8150138e-06,0.9999962
3.8150138e-06,0.9999962
3.3667395e-06,0.99999666
3.5008545e-06,0.99999654
3.9825127e-06,0.99999607
0.99987614,0.00012387747
1.2805474e-05,0.99998724
4.4602e-06,0.9999956
8.17155e-06,0.9999918
6.908076e-06,0.9999931
3.875091e-06,0.99999607
0.9999274,7.254361e-05
4.7478566e-06,0.99999523
3.5699022e-06,0.9999964
4.3829645e-05,0.99995613
0.99988985,0.000110180416
4.125012e-06,0.9999958
4.1411568e-06,0.9999958
4.9177415e-06,0.9999951
3.4600682e-06,0.99999654
5.422219e-06,0.99999464
6.339211e-06,0.9999937
7.1552554e-06,0.99999285
9.080475e-06,0.99999094
5.7719203e-06,0.9999943
1.0289514e-05,0.99998975
4.408237e-06,0.9999956
3.0415963e-06,0.9999969
3.006161e-06,0.999997
0.99982053,0.00017952798
3.8902576e-06,0.99999607
3.065452e-06,0.9999969
4.879472e-06,0.9999951
0.99987996,0.00012006662
0.9991474,0.0008525667
3.6478537e-05,0.9999635
3.5838746e-06,0.9999964
3.6261201e-06,0.9999964
3.3405393e-06,0.99999666
3.1015866e-06,0.9999969
3.1875652e-06,0.9999968
3.1875652e-06,0.9999968
3.6832228e-06,0.9999963
5.660282e-06,0.9999944
2.2739e-05,0.99997723
3.0535007e-06,0.9999969
5.660282e-06,0.9999944
0.99984336,0.00015659066
5.034362e-06,0.999995
1.1843139e-05,0.9999882
3.6832228e-06,0.9999963
0.9995876,0.0004124559
0.99992883,7.1140596e-05
4.255953e-06,0.9999957
3.3667395e-06,0.99999666
3.5145565e-06,0.99999654
1.743469e-05,0.9999826
6.908076e-06,0.9999931
3.1627592e-06,0.9999968
3.6261201e-06,0.9999964
0.9998666,0.00013342002
0.99981695,0.0001830682
8.10796e-06,0.9999919
0.0023051254,0.9976949
3.138147e-06,0.9999969
8.23564e-06,0.9999918
3.0297385e-06,0.999997
9.703942e-06,0.99999034
0.99979013,0.00020988309
5.660282e-06,0.9999944
3.237762e-06,0.9999968
2.8744618e-05,0.9999713
8.17155e-06,0.9999918
5.9087965e-06,0.99999404
4.06106e-06,0.99999595
3.2125656e-06,0.9999968
7.455446e-05,0.9999255
3.883111e-05,0.99996114
0.9998634,0.00013658355
3.2759278e-06,0.9999968
0.99991715,8.284656e-05
4.10893e-06,0.99999595
3.0415963e-06,0.9999969
5.594338e-06,0.9999944
0.9983675,0.0016324889
3.741225e-06,0.9999963
6.168222e-06,0.9999938
4.619792e-06,0.99999535
2.5766587e-05,0.99997425
1.7988115e-05,0.999982
0.0012231792,0.99877685
0.98134655,0.018653523
0.9961004,0.0038996206
4.0452273e-06,0.99999595
9.934061e-06,0.9999901
3.0415963e-06,0.9999969
5.507606e-06,0.9999945
1.791799e-05,0.9999821
5.0540657e-06,0.999995
4.5659704e-06,0.99999547
7.827868e-06,0.99999213
0.99937004,0.00063001254
1.0492454e-05,0.9999895
3.2251392e-06,0.9999968
3.5559847e-06,0.9999964
0.999841,0.00015905623
3.5145565e-06,0.99999654
6.6694347e-06,0.9999933
1.9988918e-05,0.99998
2.902312e-06,0.99999714
0.9999305,6.9492744e-05
4.477656e-06,0.99999547
4.0452273e-06,0.99999595
3.263156e-06,0.9999968
0.99971026,0.00028966827
4.4254907e-06,0.9999956
1.805852e-05,0.999982
0.99986756,0.00013238186
3.288749e-06,0.99999666
0.00032313753,0.9996768
5.0738468e-06,0.9999949
3.3016208e-06,0.99999666
1.1659529e-05,0.9999883
0.99990165,9.83812e-05
3.6261201e-06,0.9999964
4.9563114e-06,0.999995
4.9757095e-06,0.999995
9.741921e-06,0.9999902
3.8150138e-06,0.9999962
4.0452273e-06,0.99999595
0.9998634,0.00013658355
4.495181e-06,0.99999547
1.8271383e-05,0.99998176
0.9999448,5.5189234e-05
3.065452e-06,0.9999969
4.35688e-06,0.9999956
7.797352e-06,0.99999225
3.5008545e-06,0.99999654
4.013747e-06,0.99999595
3.0894944e-06,0.9999969
0.9998957,0.000104317325
5.2553955e-06,0.99999475
6.908076e-06,0.9999931
5.153748e-06,0.9999949
9.442197e-06,0.9999906
1.331558e-05,0.99998665
1.6061611e-05,0.9999839
8.203532e-06,0.9999918
5.2759647e-06,0.99999475
3.741225e-06,0.9999963
3.822911e-05,0.99996173
0.999866,0.00013394213
5.749418e-06,0.9999943
4.512775e-06,0.99999547
3.542121e-06,0.9999964
5.8857604e-06,0.99999416
0.9999403,5.9673515e-05
0.0035449788,0.9964551
8.0448635e-06,0.999992
3.4736106e-06,0.99999654
6.8009767e-06,0.9999932
0.9998141,0.00018595057
3.6119832e-06,0.9999964
3.9054835e-06,0.99999607
5.422219e-06,0.99999464
3.936115e-06,0.99999607
2.9827668e-06,0.999997
4.255953e-06,0.9999957
4.0294562e-06,0.99999595
3.1504292e-06,0.9999969
9.479151e-06,0.99999046
5.0540657e-06,0.999995
4.0929112e-06,0.99999595
7.2113753e-06,0.99999285
2.1613141e-05,0.9999784
3.3799163e-06,0.99999666
3.6119832e-06,0.9999964
1.8704668e-05,0.9999813
1.4285517e-05,0.9999857
3.741225e-06,0.9999963
3.0179267e-06,0.999997
3.859984e-06,0.9999962
0.99993265,6.735481e-05
0.00021995336,0.99978
3.3145427e-06,0.99999666
4.7850945e-06,0.99999523
0.99879104,0.0012089458
3.741225e-06,0.9999963
0.99984527,0.00015476662
3.6688632e-06,0.9999963
4.2726106e-06,0.9999957
0.99991584,8.41511e-05
4.239361e-06,0.9999957
2.9827668e-06,0.999997
0.99994004,5.990706e-05
0.9999094,9.06337e-05
3.09591e-05,0.999969
3.6119832e-06,0.9999964
0.99991286,8.716188e-05
4.2063702e-06,0.9999958
3.5838746e-06,0.9999964
6.7744627e-06,0.9999932
0.99973315,0.00026686105
7.1552554e-06,0.99999285
4.06106e-06,0.99999595
7.353605e-06,0.9999926
4.013747e-06,0.99999595
6.721744e-06,0.9999933
6.0963603e-06,0.9999939
0.9999057,9.42438e-05
0.99947256,0.00052747846
9.259568e-06,0.9999907
0.9997813,0.00021866863
0.9999347,6.5282664e-05
4.8604484e-06,0.9999951
2.971138e-06,0.999997
1.0825516e-05,0.99998915
4.8226243e-06,0.99999523
0.99987805,0.000121957164
3.2759278e-06,0.9999968
6.3889293e-06,0.99999356
4.0294562e-06,0.99999595
3.1627592e-06,0.9999968
3.5283117e-06,0.9999964
3.875091e-06,0.99999607
3.433142e-06,0.99999654
5.214498e-06,0.99999475
0.99978596,0.00021402177
6.2898785e-06,0.9999937
4.06106e-06,0.99999595
0.99973255,0.0002673826
1.091042e-05,0.99998903
3.237762e-06,0.9999968
0.9998596,0.00014036923
6.5660356e-06,0.99999344
4.879472e-06,0.9999951
3.785325e-06,0.9999962
7.676465e-06,0.9999924
0.9998915,0.00010847241
0.9998827,0.0001172856
5.214498e-06,0.99999475
7.353605e-06,0.9999926
5.2759647e-06,0.99999475
1.3058036e-05,0.9999869
0.00030415886,0.9996959
4.0853844e-05,0.9999591
0.9994547,0.0005452766
3.138147e-06,0.9999969
3.6545598e-06,0.9999963
4.125012e-06,0.9999958
7.2395987e-06,0.9999927
9.934061e-06,0.9999901
2.7751648e-05,0.9999722
0.99992883,7.1140596e-05
8.597225e-06,0.9999914
3.487206e-06,0.99999654
0.99984527,0.00015476662
2.9311537e-05,0.9999707
6.001846e-06,0.99999404
0.99989605,0.000103910665
2.9595546e-06,0.999997
0.9995523,0.00044770085
0.9999031,9.685608e-05
5.8171895e-06,0.99999416
0.99983585,0.00016410438
3.7121106e-06,0.9999963
0.9999249,7.513915e-05
0.9999305,6.9492744e-05
3.3536137e-06,0.99999666
0.9999324,6.761842e-05
0.99994075,5.9209164e-05
0.9998529,0.00014710471
0.9992735,0.0007264875
0.9999138,8.61465e-05
0.9999225,7.7524135e-05
0.9999367,6.327425e-05
3.875091e-06,0.99999607
3.4197574e-06,0.99999654
5.5291625e-06,0.9999945
0.99992335,7.662102e-05
3.433142e-06,0.99999654
0.9998945,0.00010554686
2.9136713e-06,0.99999714
0.00019185213,0.99980813
0.99993646,6.352188e-05
0.9998517,0.0001482583
0.9999031,9.685608e-05
6.68307e-05,0.9999331
0.99986017,0.00013982208
0.9999269,7.311255e-05
3.175138e-06,0.9999968
0.9998691,0.00013083976
0.99979013,0.00020988309
0.99988675,0.000113234375
3.0774495e-06,0.9999969
3.9669862e-06,0.99999607
0.9998894,0.000110611596
2.8684992e-06,0.99999714
0.39166763,0.6083323
0.9985104,0.0014895173
2.9827668e-06,0.999997
0.9999001,9.993032e-05
9.2421134e-05,0.9999076
2.8797263e-06,0.99999714
0.9998996,0.00010032139
0.9999367,6.327425e-05
0.9981863,0.0018137436
0.9999292,7.0863265e-05
0.9998579,0.00014202362
2.4017143e-05,0.99997604
0.9996898,0.00031015597
0.99983966,0.0001603035
3.006161e-06,0.999997
3.0415963e-06,0.9999969
2.994441e-06,0.999997
0.9998889,0.000111044465
0.99914074,0.00085924764
3.2125656e-06,0.9999968
2.9365233e-06,0.999997
3.7705674e-06,0.9999962
5.194169e-06,0.99999475
2.925075e-06,0.999997
3.4064249e-06,0.99999654
0.99982435,0.00017571275
3.1259124e-06,0.9999969
0.99983263,0.0001673405
1.0169639e-05,0.99998987
0.9999155,8.448042e-05
0.99986756,0.00013238186
0.99993646,6.352188e-05
3.3016208e-06,0.99999666
0.99965405,0.00034599163
0.9999362,6.377049e-05
3.3536137e-06,0.99999666
3.175138e-06,0.9999968
0.009652304,0.9903476
0.999892,0.000108049564
2.9827668e-06,0.999997
3.1015866e-06,0.9999969
4.408237e-06,0.9999956
3.138147e-06,0.9999969
3.9825127e-06,0.99999607
2.994441e-06,0.999997
0.99170023,0.008299687
0.9998957,0.000104317325
0.9999255,7.455446e-05
0.99988675,0.000113234375
0.9993068,0.0006932423
2.9365233e-06,0.999997
3.138147e-06,0.9999969
0.9999145,8.547617e-05
0.99974686,0.00025315638
0.9998915,0.00010847241
3.263156e-06,0.9999968
5.660282e-06,0.9999944
3.1875652e-06,0.9999968
2.994441e-06,0.999997
0.99991345,8.648364e-05
5.507606e-06,0.9999945
7.5574535e-06,0.9999925
0.99957114,0.00042887926
0.99973875,0.00026119032
3.5283117e-06,0.9999964
0.9999118,8.818923e-05
0.99959236,0.0004076526
2.971138e-06,0.999997
0.999826,0.00017400544
3.5979012e-06,0.9999964
3.3275157e-06,0.99999666
0.9998499,0.00015000565
0.99916387,0.0008360903
0.999765,0.000235052
3.1137256e-06,0.9999969
3.1627592e-06,0.9999968
0.999841,0.00015905623
2.9480163e-06,0.999997
3.3667395e-06,0.99999666
3.2125656e-06,0.9999968
0.9998827,0.0001172856
4.1335396e-05,0.99995863
3.4736106e-06,0.99999654
0.99990463,9.535461e-05
1.1169151e-05,0.9999888
0.99989724,0.00010270019
0.99991775,8.220189e-05
9.405386e-06,0.9999906
8.267873e-06,0.9999918
0.99991655,8.349628e-05
3.1875652e-06,0.9999968
0.99993074,6.922183e-05
0.9992549,0.00074515573
2.971138e-06,0.999997
0.9997428,0.00025714198
0.99915576,0.0008442883
0.9998499,0.00015000565
0.950503,0.049497057
0.9999125,8.7503e-05
0.99984217,0.00015781863
3.2251392e-06,0.9999968
0.9999367,6.327425e-05
2.902312e-06,0.99999714
4.6742484e-06,0.99999535
0.997285,0.0027149855
0.99992096,7.905304e-05
2.8797263e-06,0.99999714
2.925075e-06,0.999997
3.1627592e-06,0.9999968
3.2759278e-06,0.9999968
0.9998827,0.0001172856
0.9999076,9.2421134e-05
0.9996458,0.00035419365
3.0894944e-06,0.9999969
0.9998827,0.0001172856
3.1875652e-06,0.9999968
0.9999145,8.547617e-05
0.99982125,0.0001788282
3.433142e-06,0.99999654
3.4402605e-05,0.99996555
3.1875652e-06,0.9999968
0.9999138,8.61465e-05
0.9999249,7.513915e-05
9.332193e-06,0.9999907
0.9998671,0.00013289992
0.9998741,0.000125828
2.8797263e-06,0.99999714
0.9998945,0.00010554686
0.99983394,0.00016603847
0.9147487,0.08525123
0.9997148,0.00028517868
0.99992657,7.3398674e-05
3.3016208e-06,0.99999666
3.006161e-06,0.999997
0.9998623,0.00013765463
0.9998568,0.00014313738
0.9998666,0.00013342002
0.99990237,9.761566e-05
3.8902576e-06,0.99999607
0.9999231,7.6920885e-05
0.9996898,0.00031015597
0.99975556,0.00024441312
0.9998585,0.00014147001
3.6976385e-06,0.9999963
0.99985623,0.00014369751
0.99984884,0.00015118199
3.1875652e-06,0.9999968
0.9997383,0.00026170083
3.8001403e-06,0.9999962
0.9999012,9.87662e-05
0.9998776,0.00012243443
0.99983966,0.0001603035
0.9998385,0.00016156059
0.99984527,0.00015476662
3.3145427e-06,0.99999666
0.9999231,7.6920885e-05
0.99987566,0.00012436225
5.7046755e-06,0.9999943
2.994441e-06,0.999997
3.2504342e-06,0.9999968
3.263156e-06,0.9999968
0.9999168,8.317078e-05
3.263156e-06,0.9999968
0.99991345,8.648364e-05
6.085041e-05,0.9999392
0.0005636751,0.9994363
0.9999043,9.572778e-05
0.99948263,0.0005172813
3.3145427e-06,0.99999666
3.5283117e-06,0.9999964
3.3799163e-06,0.99999666
0.9997336,0.00026634047
2.8797263e-06,0.99999714
2.9480163e-06,0.999997
0.99989367,0.00010637459
0.9998118,0.00018814208
0.99974436,0.00025564007
3.0535007e-06,0.9999969
0.9999107,8.9228684e-05
7.2963794e-06,0.9999927
0.99990165,9.83812e-05
0.9997137,0.00028629453
4.1411568e-06,0.9999958
2.9365233e-06,0.999997
4.173636e-06,0.9999958
0.9999274,7.254361e-05
0.9999372,6.278188e-05
2.9480163e-06,0.999997
0.9997181,0.00028185718
3.6976385e-06,0.9999963
0.9987031,0.0012968953
3.2504342e-06,0.9999968
3.4197574e-06,0.99999654
3.138147e-06,0.9999969
7.4112804e-06,0.9999926
0.9998623,0.00013765463
3.2759278e-06,0.9999968
4.9177415e-06,0.9999951
2.2212265e-05,0.9999778
0.9998574,0.00014257943
0.99984825,0.00015177361
0.99947256,0.00052747846
0.9998591,0.00014091855
0.9999094,9.06337e-05
0.00026119032,0.99973875
0.99984336,0.00015659066
2.1867905e-05,0.9999782
3.175138e-06,0.9999968
3.6832228e-06,0.9999963
1.5266358e-05,0.99998474
3.0179267e-06,0.999997
0.9997898,0.00021029334
0.9999335,6.657017e-05
0.99981767,0.0001823546
8.766788e-06,0.9999912
0.9971439,0.0028560124
2.925075e-06,0.999997
0.9998332,0.0001666882
0.99991214,8.784544e-05
0.99991035,8.957788e-05
0.99992883,7.1140596e-05
3.5008545e-06,0.99999654
2.971138e-06,0.999997
4.3229747e-06,0.9999957
8.0135e-06,0.999992
0.999879,0.0001210082
3.5008545e-06,0.99999654
0.9999101,8.992846e-05
0.9999069,9.3145936e-05
0.99991846,8.156225e-05
3.3405393e-06,0.99999666
3.2759278e-06,0.9999968
3.3799163e-06,0.99999666
0.9998499,0.00015000565
0.9999292,7.0863265e-05
0.9999069,9.3145936e-05
0.99982125,0.0001788282
0.99992836,7.169852e-05
0.99979776,0.00020223875
1.0289514e-05,0.99998975
0.99991345,8.648364e-05
0.9998036,0.00019640088
6.314496e-06,0.9999937
0.9999057,9.42438e-05
3.3275157e-06,0.99999666
3.2759278e-06,0.9999968
0.99980897,0.00019110434
0.9997464,0.00025365117
0.9994363,0.0005636751
0.9999181,8.1881444e-05
0.99991286,8.716188e-05
3.640312e-06,0.9999963
0.999926,7.3974305e-05
3.1015866e-06,0.9999969
0.99993396,6.605214e-05
0.99990904,9.0988404e-05
0.999936,6.402007e-05
3.3931449e-06,0.99999666
0.9998859,0.00011412239
3.2759278e-06,0.9999968
4.2063702e-06,0.9999958
0.9999145,8.547617e-05
0.99974877,0.00025118678
0.99991035,8.957788e-05
9.442197e-06,0.9999906
3.2251392e-06,0.9999968
1.4009213e-05,0.99998593
0.99991214,8.784544e-05
3.9980987e-06,0.99999595
0.99986815,0.00013186583
0.9999385,6.156765e-05
0.9999181,8.1881444e-05
0.999894,0.00010595991
0.99986756,0.00013238186
0.99993694,6.302759e-05
0.0043653254,0.9956346
3.542121e-06,0.9999964
0.99992967,7.031184e-05
2.9595546e-06,0.999997
0.9998859,0.00011412239
0.9999101,8.992846e-05
3.2504342e-06,0.9999968
3.0894944e-06,0.9999969
0.9998036,0.00019640088
0.99987996,0.00012006662
3.3799163e-06,0.99999666
0.9999347,6.5282664e-05
0.99992967,7.031184e-05
9.080475e-06,0.99999094
0.9999138,8.61465e-05
3.4197574e-06,0.99999654
0.9999057,9.42438e-05
0.9995016,0.0004984466
0.99984705,0.00015296381
0.99979013,0.00020988309
0.999864,0.00013605112
0.99993646,6.352188e-05
0.99992,7.998482e-05
3.0894944e-06,0.9999969
0.99988496,0.00011501735
0.99994195,5.8064023e-05
3.542121e-06,0.9999964
0.9999145,8.547617e-05
0.20850107,0.7914989
0.9998969,0.00010310212
3.138147e-06,0.9999969
0.009107993,0.990892
0.9999231,7.6920885e-05
4.4254907e-06,0.9999956
0.9998741,0.000125828
0.9999057,9.42438e-05
2.8684992e-06,0.99999714
0.9998385,0.00016156059
0.9999118,8.818923e-05
0.9998629,0.00013711804
3.8902576e-06,0.99999607
0.9999094,9.06337e-05
0.9998952,0.000104725565
0.99986017,0.00013982208
0.9991013,0.00089869124
0.99961925,0.00038072708
0.9999083,9.170197e-05
0.99949265,0.0005072812
3.487206e-06,0.99999654
2.8909972e-06,0.99999714
3.138147e-06,0.9999969
0.55388236,0.44611767
0.9982893,0.0017106996
3.175138e-06,0.9999968
0.9997192,0.00028075863
2.9136713e-06,0.99999714
2.902312e-06,0.99999714
0.99992836,7.169852e-05
0.9998511,0.00014883847
3.1875652e-06,0.9999968
0.9998863,0.00011367751
0.9999031,9.685608e-05
0.9998827,0.0001172856
4.9951846e-06,0.999995
3.5979012e-06,0.9999964
3.433142e-06,0.99999654
0.99974984,0.00025020776
0.99992883,7.1140596e-05
4.125012e-06,0.9999958
2.994441e-06,0.999997
0.99989367,0.00010637459
0.9997645,0.00023551143
0.9994887,0.0005112579
3.065452e-06,0.9999969
3.138147e-06,0.9999969
5.4647453e-06,0.9999945
0.99956435,0.00043563012
0.999928,7.197912e-05
3.5008545e-06,0.99999654
0.9999249,7.513915e-05
3.5008545e-06,0.99999654
0.99992573,7.4263815e-05
0.99991584,8.41511e-05
3.5283117e-06,0.9999964
0.9999255,7.455446e-05
3.1259124e-06,0.9999969
5.8171895e-06,0.99999416
2.994441e-06,0.999997
3.8449352e-06,0.9999962
0.9999263,7.368593e-05
4.710909e-06,0.99999523
0.99991584,8.41511e-05
0.99957114,0.00042887926
3.3536137e-06,0.99999666
0.9999305,6.9492744e-05
0.99596137,0.0040385914
0.9997125,0.0002874147
8.766788e-06,0.9999912
3.785325e-06,0.9999962
4.2063702e-06,0.9999958
2.994441e-06,0.999997
3.138147e-06,0.9999969
0.999608,0.00039204178
7.889263e-06,0.99999213
0.9998287,0.00017130819
3.2759278e-06,0.9999968
0.99987566,0.00012436225
0.9998795,0.00012053649
3.175138e-06,0.9999968
0.9998385,0.00016156059
3.9980987e-06,0.99999595
0.99987614,0.00012387747
0.99993694,6.302759e-05
0.99988806,0.0001119153
0.99991846,8.156225e-05
0.9997241,0.0002758679
2.902312e-06,0.99999714
3.1875652e-06,0.9999968
3.263156e-06,0.9999968
0.9999076,9.2421134e-05
0.99983525,0.00016474657
0.99979657,0.00020342699
0.9999094,9.06337e-05
0.99988806,0.0001119153
3.175138e-06,0.9999968
0.9999076,9.2421134e-05
0.9999001,9.993032e-05
3.487206e-06,0.99999654
0.99984705,0.00015296381
3.5559847e-06,0.9999964
0.9999039,9.610242e-05
3.6832228e-06,0.9999963
1.0616134e-05,0.9999894
0.99992096,7.905304e-05
3.1259124e-06,0.9999969
0.9998776,0.00012243443
3.6688632e-06,0.9999963
3.2125656e-06,0.9999968
0.99986756,0.00013238186
0.99984527,0.00015476662
0.99594563,0.0040543335
1.16140745e-05,0.99998844
3.0297385e-06,0.999997
0.9998634,0.00013658355
0.99984765,0.00015236756
2.8684992e-06,0.99999714
3.5699022e-06,0.9999964
0.99984026,0.00015967865
0.003869391,0.9961306
0.999905,9.49829e-05
0.9998889,0.000111044465
4.239361e-06,0.9999957
2.925075e-06,0.999997
0.99992776,7.226082e-05
0.9998872,0.00011279297
0.0035657366,0.9964342
0.99989235,0.00010762835
8.497065e-06,0.99999154
7.766952e-06,0.99999225
0.9999087,9.13445e-05
0.9998505,0.00014942093
0.9999149,8.514296e-05
0.9997993,0.00020066522
3.5283117e-06,0.9999964
3.065452e-06,0.9999969
4.173636e-06,0.9999958
3.288749e-06,0.99999666
0.99992657,7.3398674e-05
3.542121e-06,0.9999964
0.99986124,0.00013873412
3.4465788e-06,0.99999654
4.477656e-06,0.99999547
0.99986863,0.0001313518
2.9136713e-06,0.99999714
0.9999194,8.0612095e-05
7.254361e-05,0.9999274
3.9980987e-06,0.99999595
0.99991107,8.888084e-05
0.99989843,0.00010150382
3.3016208e-06,0.99999666
3.237762e-06,0.9999968
0.99992454,7.5433214e-05
3.3145427e-06,0.99999666
0.99989605,0.000103910665
3.1875652e-06,0.9999968
0.99988365,0.00011637299
3.0535007e-06,0.9999969
3.2251392e-06,0.9999968
3.1259124e-06,0.9999969
0.9999039,9.610242e-05
7.3974305e-05,0.999926
9.187512e-06,0.9999908
3.1137256e-06,0.9999969
3.065452e-06,0.9999969
0.9998957,0.000104317325
0.99992776,7.226082e-05
0.999841,0.00015905623
3.0415963e-06,0.9999969
0.99987614,0.00012387747
0.99988806,0.0001119153
0.99986494,0.0001349925
2.9480163e-06,0.999997
3.640312e-06,0.9999963
0.9997131,0.00028685408
3.4465788e-06,0.99999654
2.9827668e-06,0.999997
3.5838746e-06,0.9999964
3.288749e-06,0.99999666
0.99983907,0.00016093082
3.9980987e-06,0.99999595
0.99992514,7.4846226e-05
0.99989104,0.0001088969
0.99983907,0.00016093082
0.99983525,0.00016474657
0.99990606,9.387641e-05
4.512775e-06,0.99999547
0.9999237,7.632233e-05
4.7664394e-06,0.99999523
3.4197574e-06,0.99999654
3.8150138e-06,0.9999962
0.9998198,0.0001802305
8.139693e-06,0.9999919
0.99991584,8.41511e-05
0.99971646,0.00028351307
3.9515203e-06,0.99999607
0.99988544,0.000114569
0.99982184,0.00017813111
0.9999094,9.06337e-05
0.0017409837,0.998259
1.5812602e-05,0.99998415
2.971138e-06,0.999997
3.288749e-06,0.99999666
2.8857117e-05,0.99997115
3.0894944e-06,0.9999969
0.99987364,0.00012632042
3.3405393e-06,0.99999666
0.99968433,0.0003156544
0.9999225,7.7524135e-05
0.999894,0.00010595991
0.9999355,6.452215e-05
0.99991715,8.284656e-05
2.925075e-06,0.999997
0.99984455,0.00015537225
0.9997881,0.00021194234
0.99978846,0.00021152887
0.99987113,0.00012881155
3.2759278e-06,0.9999968
0.99974185,0.00025814815
0.9998766,0.00012339458
0.999864,0.00013605112
0.99965537,0.00034464317
0.99992454,7.5433214e-05
3.0774495e-06,0.9999969
5.6382146e-06,0.9999944
0.99653685,0.0034631437
3.640312e-06,0.9999963
3.0894944e-06,0.9999969
0.99985456,0.00014539114
0.99989486,0.00010513541
0.99990237,9.761566e-05
3.2251392e-06,0.9999968
4.2228335e-06,0.9999958
3.1137256e-06,0.9999969
0.99990165,9.83812e-05
5.5508026e-06,0.9999944
0.9998097,0.00019035942
0.99993527,6.477467e-05
0.9999087,9.13445e-05
0.9997713,0.00022871332
3.237762e-06,0.9999968
0.9991768,0.0008231385
0.0043568457,0.99564314
0.9998118,0.00018814208
3.0894944e-06,0.9999969
9.22347e-06,0.9999908
0.9997954,0.00020462219
3.4064249e-06,0.99999654
0.99994373,5.6277684e-05
0.99939644,0.000603531
0.99992,7.998482e-05
0.999908,9.206084e-05
3.1875652e-06,0.9999968
0.99986756,0.00013238186
0.99979264,0.0002074384
0.99983776,0.00016219281
0.9998535,0.00014653131
0.9999012,9.87662e-05
6.9492744e-05,0.9999305
0.999864,0.00013605112
4.7293465e-06,0.99999523
3.1504292e-06,0.9999969
3.1259124e-06,0.9999969
3.288749e-06,0.99999666
7.353605e-06,0.9999926
3.263156e-06,0.9999968
0.9998785,0.00012148176
3.237762e-06,0.9999968
0.999928,7.197912e-05
0.999864,0.00013605112
0.9999012,9.87662e-05
3.5838746e-06,0.9999964
0.9999194,8.0612095e-05
0.99986494,0.0001349925
3.2504342e-06,0.9999968
0.9998957,0.000104317325
3.6119832e-06,0.9999964
4.2063702e-06,0.9999958
3.6261201e-06,0.9999964
1.520684e-05,0.99998474
0.9998771,0.00012291357
2.994441e-06,0.999997
2.902312e-06,0.99999714
0.9999039,9.610242e-05
3.5283117e-06,0.9999964
0.9999118,8.818923e-05
0.99977916,0.00022081405
0.9998902,0.0001097509
0.99994564,5.4333646e-05
0.99983776,0.00016219281
0.9999057,9.42438e-05
3.237762e-06,0.9999968
4.2228335e-06,0.9999958
0.9997565,0.00024346045
3.0535007e-06,0.9999969
0.9998969,0.00010310212
2.971138e-06,0.999997
2.925075e-06,0.999997
0.99987316,0.00012681478
3.237762e-06,0.9999968
3.175138e-06,0.9999968
3.6119832e-06,0.9999964
3.288749e-06,0.99999666
2.9595546e-06,0.999997
0.9999031,9.685608e-05
0.99986017,0.00013982208
2.8857117e-05,0.99997115
0.99984276,0.00015720345
0.99989104,0.0001088969
0.9998945,0.00010554686
0.9995908,0.00040924747
0.9998691,0.00013083976
0.99991715,8.284656e-05
0.9999162,8.382305e-05
3.138147e-06,0.9999969
0.9998529,0.00014710471
3.3275157e-06,0.99999666
0.99991345,8.648364e-05
7.706509e-06,0.99999225
0.99987566,0.00012436225
3.065452e-06,0.9999969
2.971138e-06,0.999997
0.99991107,8.888084e-05
6.168222e-06,0.9999938
3.1259124e-06,0.9999969
0.9998247,0.00017536995
2.9426257e-05,0.99997056
2.994441e-06,0.999997
0.9998889,0.000111044465
2.925075e-06,0.999997
5.153748e-06,0.9999949
2.9136713e-06,0.99999714
0.99976355,0.00023643296
3.2125656e-06,0.9999968
0.99980396,0.00019601773
4.1899716e-06,0.9999958
0.99992,7.998482e-05
0.9999237,7.632233e-05
3.065452e-06,0.9999969
0.99991584,8.41511e-05
0.99989367,0.00010637459
7.2395987e-06,0.9999927
0.99977213,0.00022782185
3.200041e-06,0.9999968
0.999795,0.00020502215
0.9999132,8.68221e-05
3.138147e-06,0.9999969
0.9998671,0.00013289992
3.1259124e-06,0.9999969
3.288749e-06,0.99999666
0.9999087,9.13445e-05
2.994441e-06,0.999997
0.9997125,0.0002874147
3.263156e-06,0.9999968
0.99984527,0.00015476662
3.6832228e-06,0.9999963
1.8200151e-05,0.99998176
0.9997788,0.00022124566
0.9998568,0.00014313738
0.99987614,0.00012387747
0.9998535,0.00014653131
0.99977654,0.00022341634
0.9997682,0.00023186102
0.99990165,9.83812e-05
2.9365233e-06,0.999997
2.9595546e-06,0.999997
3.8001403e-06,0.9999962
1.3109143e-05,0.9999869
3.200041e-06,0.9999968
0.9998741,0.000125828
3.1875652e-06,0.9999968
0.99991107,8.888084e-05
0.79905057,0.20094939
0.9998535,0.00014653131
0.99986756,0.00013238186
3.1259124e-06,0.9999969
0.9999255,7.455446e-05
0.999795,0.00020502215
0.9998752,0.00012484893
0.99980813,0.00019185213
0.9998915,0.00010847241
0.9998691,0.00013083976
0.99987996,0.00012006662
2.9827668e-06,0.999997
5.4010798e-06,0.99999464
0.9997731,0.00022693387
3.433142e-06,0.99999654
3.263156e-06,0.9999968
0.9994746,0.0005254231
0.9997974,0.00020263405
0.9998097,0.00019035942
2.2827997e-05,0.99997723
3.1504292e-06,0.9999969
3.4600682e-06,0.99999654
0.9995939,0.00040606395
3.7558673e-06,0.9999962
0.9998722,0.00012780925
0.9998024,0.00019755481
0.99983656,0.0001634647
3.0774495e-06,0.9999969
3.200041e-06,0.9999968
3.065452e-06,0.9999969
3.175138e-06,0.9999968
0.00021824207,0.9997818
0.9999424,5.7612193e-05
0.9998067,0.00019335657
3.3405393e-06,0.99999666
3.3931449e-06,0.99999666
0.9999329,6.7092245e-05
0.9999008,9.915273e-05
0.00013711804,0.9998629
3.7266393e-06,0.9999963
0.9999069,9.3145936e-05
2.9136713e-06,0.99999714
1.6701422e-05,0.9999833
3.2759278e-06,0.9999968
0.9999155,8.448042e-05
3.3536137e-06,0.99999666
0.99987996,0.00012006662
0.9999125,8.7503e-05
3.0535007e-06,0.9999969
0.9994746,0.0005254231
0.9999118,8.818923e-05
3.1015866e-06,0.9999969
4.7664394e-06,0.99999523
4.255953e-06,0.9999957
0.9999145,8.547617e-05
4.477656e-06,0.99999547
0.99991417,8.581068e-05
3.9515203e-06,0.99999607
0.9998671,0.00013289992
4.0294562e-06,0.99999595
1.5506765e-05,0.9999845
0.9999114,8.853436e-05
2.9595546e-06,0.999997
0.99980396,0.00019601773
4.0929112e-06,0.99999595
0.9999424,5.7612193e-05
3.1627592e-06,0.9999968
5.034362e-06,0.999995
0.999879,0.0001210082
0.99490017,0.0050998176
3.433142e-06,0.99999654
3.0535007e-06,0.9999969
0.0006462033,0.9993538
0.9998306,0.00016931271
0.99963665,0.00036329866
0.9999083,9.170197e-05
0.99986863,0.0001313518
4.7478566e-06,0.99999523
3.3016208e-06,0.99999666
0.99978596,0.00021402177
0.99987614,0.00012387747
0.9999194,8.0612095e-05
3.3405393e-06,0.99999666
4.35688e-06,0.9999956
0.999864,0.00013605112
3.3405393e-06,0.99999666
3.6261201e-06,0.9999964
0.99963737,0.00036259
3.263156e-06,0.9999968
3.065452e-06,0.9999969
6.643433e-06,0.9999933
3.1015866e-06,0.9999969
3.2759278e-06,0.9999968
0.99992514,7.4846226e-05
0.99976677,0.00023322323
0.99987566,0.00012436225
2.3737339e-05,0.9999763
2.8461764e-06,0.99999714
0.9999372,6.278188e-05
3.0894944e-06,0.9999969
0.9998666,0.00013342002
0.99964786,0.0003521251
3.0415963e-06,0.9999969
6.9895054e-06,0.99999297
4.0929112e-06,0.99999595
3.2125656e-06,0.9999968
0.99990165,9.83812e-05
0.99991345,8.648364e-05
0.99992275,7.7221914e-05
3.0415963e-06,0.9999969
3.1875652e-06,0.9999968
3.2251392e-06,0.9999968
3.7558673e-06,0.9999962
0.99991965,8.029784e-05
3.6832228e-06,0.9999963
3.0894944e-06,0.9999969
0.99991584,8.41511e-05
4.2228335e-06,0.9999958
0.99987113,0.00012881155
3.288749e-06,0.99999666
0.99983263,0.0001673405
0.9998523,0.00014768039
3.7705674e-06,0.9999962
0.9998666,0.00013342002
9.368717e-06,0.9999906
3.1875652e-06,0.9999968
5.594338e-06,0.9999944
1.30071285e-05,0.999987
2.8797263e-06,0.99999714
0.99990356,9.6478514e-05
1.0783313e-05,0.9999893
0.9998859,0.00011412239
0.99589807,0.0041019293
4.8038232e-06,0.99999523
0.9998517,0.0001482583
0.9998691,0.00013083976
0.9999043,9.572778e-05
0.9999329,6.7092245e-05
0.999908,9.206084e-05
0.99993265,6.735481e-05
3.0535007e-06,0.9999969
2.9827668e-06,0.999997
0.99980134,0.00019871556
0.99991345,8.648364e-05
3.288749e-06,0.99999666
0.99983394,0.00016603847
4.2726106e-06,0.9999957
3.065452e-06,0.9999969
2.152888e-05,0.9999784
0.9999162,8.382305e-05
0.99965537,0.00034464317
0.9998629,0.00013711804
0.9999145,8.547617e-05
2.8797263e-06,0.99999714
0.99987566,0.00012436225
0.9998981,0.00010190106
3.0179267e-06,0.999997
0.99984884,0.00015118199
0.9998915,0.00010847241
1.6766788e-05,0.9999832
0.9996125,0.00038747612
2.8797263e-06,0.99999714
0.99989486,0.00010513541
0.99971706,0.00028296004
3.006161e-06,0.999997
0.9997658,0.0002341358
0.9999001,9.993032e-05
0.9999162,8.382305e-05
3.741225e-06,0.9999963
0.99961996,0.0003799845
0.9992417,0.00075836
0.9997749,0.00022516826
0.9999168,8.317078e-05
3.9515203e-06,0.99999607
3.2759278e-06,0.9999968
3.1875652e-06,0.9999968
0.9997336,0.00026634047
0.9998191,0.00018093578
0.99866724,0.0013327986
0.9978173,0.0021827165
2.9827668e-06,0.999997
0.99983203,0.00016799536
0.9998752,0.00012484893
0.9995678,0.0004322415
3.2125656e-06,0.9999968
3.200041e-06,0.9999968
0.99983966,0.0001603035
0.99991846,8.156225e-05
3.1875652e-06,0.9999968
3.3799163e-06,0.99999666
0.9999316,6.841543e-05
0.99986017,0.00013982208
0.99984825,0.00015177361
0.99980587,0.00019411318
3.065452e-06,0.9999969
0.99983,0.00016997529
0.99961555,0.00038446192
2.971138e-06,0.999997
3.3667395e-06,0.99999666
6.8811437e-06,0.9999931
4.710909e-06,0.99999523
0.99991345,8.648364e-05
3.065452e-06,0.9999969
0.9991928,0.0008072305
0.99983203,0.00016799536
0.99989486,0.00010513541
4.4602e-06,0.9999956
6.0963603e-06,0.9999939
3.0774495e-06,0.9999969
0.99990976,9.028039e-05
4.6742484e-06,0.99999535
3.433142e-06,0.99999654
0.99961996,0.0003799845
3.1504292e-06,0.9999969
0.99851626,0.0014837189
4.936989e-06,0.9999951
2.9595546e-06,0.999997
0.99976724,0.00023276827
0.99989367,0.00010637459
0.99980813,0.00019185213
0.9998822,0.00011774459
3.8902576e-06,0.99999607
0.99987566,0.00012436225
0.9999138,8.61465e-05
3.3145427e-06,0.99999666
0.9999076,9.2421134e-05
0.9998048,0.00019525368
6.5917343e-06,0.99999344
0.9990527,0.00094730896
3.138147e-06,0.9999969
0.99984646,0.00015356239
4.391051e-06,0.9999956
0.9999335,6.657017e-05
0.9998596,0.00014036923
4.2228335e-06,0.9999958
0.99979097,0.00020906501
4.2063702e-06,0.9999958
0.9999187,8.124429e-05
0.99984765,0.00015236756
3.200041e-06,0.9999968
3.0535007e-06,0.9999969
0.9998198,0.0001802305
0.9999219,7.8132114e-05
0.9999132,8.68221e-05
4.06106e-06,0.99999595
3.0297385e-06,0.999997
0.9827738,0.017226238
5.9319223e-06,0.99999404
3.2125656e-06,0.9999968
0.9999398,6.0141516e-05
3.09591e-05,0.999969
0.99980086,0.00019910395
3.2125656e-06,0.9999968
0.9999194,8.0612095e-05
0.99984396,0.00015598026
0.00077330566,0.9992267
0.99991286,8.716188e-05
0.9999145,8.547617e-05
5.7945103e-06,0.99999416
0.9998623,0.00013765463
0.9998822,0.00011774459
2.925075e-06,0.999997
0.99989104,0.0001088969
3.0774495e-06,0.9999969
0.9998969,0.00010310212
0.9999187,8.124429e-05
0.99991715,8.284656e-05
1.7030821e-05,0.99998295
3.1875652e-06,0.9999968
0.99990046,9.954076e-05
3.065452e-06,0.9999969
3.288749e-06,0.99999666
0.99988544,0.000114569
7.797352e-06,0.99999225
4.619792e-06,0.99999535
3.2251392e-06,0.9999968
0.99983454,0.00016539123
0.99970454,0.00029537978
2.9480163e-06,0.999997
3.542121e-06,0.9999964
3.5699022e-06,0.9999964
4.5481693e-06,0.99999547
0.9997658,0.0002341358
3.3931449e-06,0.99999666
0.99983263,0.0001673405
0.99959713,0.00040290525
0.999905,9.49829e-05
0.9999331,6.68307e-05
0.9999031,9.685608e-05
3.288749e-06,0.99999666
0.9997974,0.00020263405
0.9993513,0.0006487309
3.0894944e-06,0.9999969
3.263156e-06,0.9999968
0.9998822,0.00011774459
4.5575543e-05,0.99995446
0.99990726,9.278282e-05
0.99992,7.998482e-05
3.433142e-06,0.99999654
0.9997459,0.00025414696
0.9998029,0.00019716944
3.1627592e-06,0.9999968
0.9999012,9.87662e-05
3.1137256e-06,0.9999969
0.99980515,0.00019487277
4.4254907e-06,0.9999956
3.138147e-06,0.9999969
0.99991107,8.888084e-05
3.1015866e-06,0.9999969
0.99985623,0.00014369751
0.9997075,0.00029251014
3.0535007e-06,0.9999969
0.99989605,0.000103910665
5.4010798e-06,0.99999464
1.4341429e-05,0.9999857
0.99984765,0.00015236756
0.0017073675,0.9982926
2.971138e-06,0.999997
0.999826,0.00017400544
0.9999349,6.502816e-05
4.4602e-06,0.9999956
0.9998876,0.00011235327
3.0297385e-06,0.999997
0.99985516,0.00014482439
0.9998907,0.000109323075
0.9999342,6.579465e-05
0.9999318,6.8148714e-05
2.9365233e-06,0.999997
3.1627592e-06,0.9999968
3.5838746e-06,0.9999964
0.004876887,0.9951231
0.9999237,7.632233e-05
0.99983656,0.0001634647
3.2759278e-06,0.9999968
3.2251392e-06,0.9999968
3.065452e-06,0.9999969
0.99991214,8.784544e-05
0.9998859,0.00011412239
0.9998965,0.00010350561
0.99993646,6.352188e-05
3.1259124e-06,0.9999969
3.5559847e-06,0.9999964
0.9998702,0.00012982171
0.99990046,9.954076e-05
0.99983966,0.0001603035
3.6545598e-06,0.9999963
0.99991417,8.581068e-05
0.9998859,0.00011412239
0.9995827,0.00041731578
0.9998969,0.00010310212
3.3536137e-06,0.99999666
0.9998996,0.00010032139
2.971138e-06,0.999997
2.971138e-06,0.999997
0.99990165,9.83812e-05
3.4064249e-06,0.99999654
0.9999392,6.085041e-05
3.3536137e-06,0.99999666
3.138147e-06,0.9999969
0.99985397,0.00014596009
0.99992335,7.662102e-05
3.8449352e-06,0.9999962
0.99936754,0.00063247676
3.175138e-06,0.9999968
0.99974483,0.00025514138
0.9999057,9.42438e-05
0.99992156,7.8437886e-05
2.9827668e-06,0.999997
0.99987996,0.00012006662
0.99989104,0.0001088969
3.1627592e-06,0.9999968
0.9998746,0.00012533751
4.35688e-06,0.9999956
0.9998017,0.00019832788
3.1627592e-06,0.9999968
0.9999362,6.377049e-05
3.2504342e-06,0.9999968
3.263156e-06,0.9999968
4.0294562e-06,0.99999595
0.99986017,0.00013982208
0.9995609,0.0004390453
0.99991715,8.284656e-05
0.99990463,9.535461e-05
1.0616134e-05,0.9999894
2.925075e-06,0.999997
6.144174e-06,0.9999938
3.2125656e-06,0.9999968
0.9999225,7.7524135e-05
3.1504292e-06,0.9999969
4.710909e-06,0.99999523
0.99992514,7.4846226e-05
1.3367695e-05,0.99998665
4.936989e-06,0.9999951
3.5145565e-06,0.99999654
3.0179267e-06,0.999997
3.7266393e-06,0.9999963
0.9997478,0.00025216964
5.2759647e-06,0.99999475
6.2165996e-06,0.9999938
0.9999031,9.685608e-05
5.8171895e-06,0.99999416
0.99955755,0.0004424873
0.999864,0.00013605112
0.09326427,0.9067358
0.99992394,7.602479e-05
0.99987996,0.00012006662
5.4434404e-06,0.9999945
1.1796968e-05,0.9999882
0.9998907,0.000109323075
0.99966073,0.0003393018
0.9999125,8.7503e-05
0.9991358,0.0008642928
2.8684992e-06,0.99999714
7.889263e-06,0.99999213
0.9998691,0.00013083976
0.999723,0.00027694734
0.99980086,0.00019910395
3.175138e-06,0.9999968
0.99992573,7.4263815e-05
4.3739324e-06,0.9999956
0.9997483,0.00025167773
0.99977034,0.00022960827
0.9999069,9.3145936e-05
6.5149384e-06,0.99999344
0.99988043,0.00011959858
3.4600682e-06,0.99999654
0.9998894,0.000110611596
0.9999027,9.7235126e-05
0.99992836,7.169852e-05
3.2125656e-06,0.9999968
0.9993411,0.0006589401
3.1627592e-06,0.9999968
0.9999367,6.327425e-05
3.237762e-06,0.9999968
0.99986064,0.00013927702
3.006161e-06,0.999997
0.99987805,0.000121957164
0.99987805,0.000121957164
3.9207694e-06,0.99999607
0.99987364,0.00012632042
0.99991655,8.349628e-05
0.9998505,0.00014942093
0.99992883,7.1140596e-05
0.9998111,0.0001888783
3.1259124e-06,0.9999969
4.4254907e-06,0.9999956
0.99990535,9.4612624e-05
0.9999206,7.936242e-05
3.1875652e-06,0.9999968
0.99992776,7.226082e-05
2.925075e-06,0.999997
0.9998385,0.00016156059
0.999828,0.00017197855
0.999908,9.206084e-05
0.99990606,9.387641e-05
0.99991035,8.957788e-05
4.739098e-05,0.99995255
0.9998795,0.00012053649
0.999841,0.00015905623
3.2125656e-06,0.9999968
0.99991906,8.092758e-05
5.5725272e-06,0.9999944
2.925075e-06,0.999997
0.99989283,0.000107208805
0.99976224,0.00023782207
3.1015866e-06,0.9999969
0.99986553,0.00013446629
0.99991584,8.41511e-05
0.9999155,8.448042e-05
0.99991035,8.957788e-05
3.5838746e-06,0.9999964
2.971138e-06,0.999997
0.99992657,7.3398674e-05
3.433142e-06,0.99999654
3.875091e-06,0.99999607
2.994441e-06,0.999997
0.9997187,0.0002813074
0.9999194,8.0612095e-05
3.8299454e-06,0.9999962
1.9449762e-05,0.99998057
0.99994004,5.990706e-05
0.99990726,9.278282e-05
3.0179267e-06,0.999997
0.9999305,6.9492744e-05
3.8449352e-06,0.9999962
0.99991345,8.648364e-05
0.99990726,9.278282e-05
0.99985456,0.00014539114
3.9054835e-06,0.99999607
0.9999194,8.0612095e-05
3.1504292e-06,0.9999969
0.9998863,0.00011367751
3.3799163e-06,0.99999666
0.9993625,0.0006374342
0.00010595991,0.999894
1.520684e-05,0.99998474
3.1504292e-06,0.9999969
2.8573158e-06,0.99999714
3.200041e-06,0.9999968
3.6688632e-06,0.9999963
0.99989367,0.00010637459
3.175138e-06,0.9999968
0.9998872,0.00011279297
0.999866,0.00013394213
0.999866,0.00013394213
0.9999461,5.3910844e-05
3.5008545e-06,0.99999654
2.971138e-06,0.999997
0.9997718,0.00022826715
3.1015866e-06,0.9999969
2.902312e-06,0.99999714
4.2893334e-06,0.9999957
2.9136713e-06,0.99999714
3.2251392e-06,0.9999968
0.9999118,8.818923e-05
4.936989e-06,0.9999951
0.9998671,0.00013289992
3.1504292e-06,0.9999969
0.9998894,0.000110611596
0.99977833,0.0002216781
6.48954e-06,0.99999356
3.3536137e-06,0.99999666
3.1627592e-06,0.9999968
0.999892,0.000108049564
3.1137256e-06,0.9999969
0.9999101,8.992846e-05
0.00011235327,0.9998876
0.99990904,9.0988404e-05
0.9999299,7.0037735e-05
0.9999162,8.382305e-05
3.7705674e-06,0.9999962
3.4465788e-06,0.99999654
4.477656e-06,0.99999547
0.9999057,9.42438e-05
0.999879,0.0001210082
3.9054835e-06,0.99999607
3.175138e-06,0.9999968
3.1504292e-06,0.9999969
0.99983585,0.00016410438
3.2251392e-06,0.9999968
0.99977964,0.0002203833
0.99986863,0.0001313518
0.99986446,0.0001355208
0.9997029,0.00029711513
0.99988174,0.000118205375
4.6378736e-06,0.99999535
3.5145565e-06,0.99999654
2.8797263e-06,0.99999714
4.239361e-06,0.9999957
0.99968004,0.00031999827
0.9999151,8.481104e-05
3.200041e-06,0.9999968
0.9991623,0.00083772355
0.00024062475,0.9997594
4.7478566e-06,0.99999523
3.065452e-06,0.9999969
3.288749e-06,0.99999666
0.99993396,6.605214e-05
3.2251392e-06,0.9999968
0.9998859,0.00011412239
0.9998902,0.0001097509
3.1504292e-06,0.9999969
3.5145565e-06,0.99999654
3.7266393e-06,0.9999963
3.0297385e-06,0.999997
0.99992156,7.8437886e-05
3.3016208e-06,0.99999666
0.9997998,0.00020027377
3.200041e-06,0.9999968
4.9177415e-06,0.9999951
0.99983966,0.0001603035
0.9998741,0.000125828
0.9998894,0.000110611596
0.00016219281,0.99983776
0.9998024,0.00019755481
0.9998996,0.00010032139
0.99990654,9.351047e-05
3.8449352e-06,0.9999962
3.6832228e-06,0.9999963
5.0540657e-06,0.999995
4.8038232e-06,0.99999523
0.99992394,7.602479e-05
0.9996451,0.00035488585
2.9827668e-06,0.999997
2.9595546e-06,0.999997
0.9997843,0.00021570001
0.99943846,0.0005614787
0.9998832,0.00011682841
0.99990606,9.387641e-05
2.9480163e-06,0.999997
0.9998776,0.00012243443
3.3536137e-06,0.99999666
0.99984884,0.00015118199
0.99990654,9.351047e-05
3.2759278e-06,0.9999968
3.3405393e-06,0.99999666
0.9997305,0.00026947915
3.9980987e-06,0.99999595
0.99985516,0.00014482439
3.3275157e-06,0.99999666
0.9999162,8.382305e-05
0.9998907,0.000109323075
5.874842e-05,0.99994123
0.9999094,9.06337e-05
0.9998795,0.00012053649
0.9999114,8.853436e-05
0.9999094,9.06337e-05
2.9480163e-06,0.999997
0.9999194,8.0612095e-05
0.9999274,7.254361e-05
0.99992573,7.4263815e-05
0.99990237,9.761566e-05
4.2063702e-06,0.9999958
3.288749e-06,0.99999666
0.99991214,8.784544e-05
0.0005759093,0.9994241
3.3275157e-06,0.99999666
4.6560253e-06,0.99999535
2.8909972e-06,0.99999714
0.9999424,5.7612193e-05
0.99991345,8.648364e-05
3.1875652e-06,0.9999968
5.133655e-06,0.9999949
3.6261201e-06,0.9999964
3.200041e-06,0.9999968
0.99990904,9.0988404e-05
3.3145427e-06,0.99999666
6.922183e-05,0.99993074
0.9998499,0.00015000565
0.9999155,8.448042e-05
1.4624283e-05,0.99998534
3.0415963e-06,0.9999969
2.9136713e-06,0.99999714
0.99984217,0.00015781863
2.971138e-06,0.999997
3.2251392e-06,0.9999968
0.999826,0.00017400544
3.7121106e-06,0.9999963
3.288749e-06,0.99999666
1.991099e-05,0.9999801
0.99988043,0.00011959858
0.99972254,0.00027748864
0.9999329,6.7092245e-05
3.1137256e-06,0.9999969
0.99992096,7.905304e-05
0.9991272,0.000872767
0.9998267,0.00017332718
0.9996381,0.0003618828
0.00041568946,0.99958426
3.3275157e-06,0.99999666
3.0179267e-06,0.999997
0.99991715,8.284656e-05
0.99985623,0.00014369751
0.999864,0.00013605112
0.9998505,0.00014942093
3.0297385e-06,0.999997
2.9136713e-06,0.99999714
0.99988496,0.00011501735
0.9999286,7.141902e-05
2.9136713e-06,0.99999714
0.9998741,0.000125828
2.9365233e-06,0.999997
3.1504292e-06,0.9999969
3.3799163e-06,0.99999666
0.99992,7.998482e-05
3.4064249e-06,0.99999654
3.175138e-06,0.9999968
3.4197574e-06,0.99999654
3.2125656e-06,0.9999968
3.4736106e-06,0.99999654
3.200041e-06,0.9999968
4.495181e-06,0.99999547
0.9999151,8.481104e-05
3.0894944e-06,0.9999969
3.1504292e-06,0.9999969
0.9998952,0.000104725565
3.2125656e-06,0.9999968
0.99950445,0.0004955359
0.9997316,0.00026842885
2.0623422e-05,0.9999794
3.4465788e-06,0.99999654
3.2504342e-06,0.9999968
0.9998945,0.00010554686
3.6119832e-06,0.9999964
3.7121106e-06,0.9999963
5.2553955e-06,0.99999475
3.1627592e-06,0.9999968
3.0894944e-06,0.9999969
0.999793,0.0002070337
0.999926,7.3974305e-05
5.649793e-05,0.9999435
3.4064249e-06,0.99999654
3.1627592e-06,0.9999968
1.0825516e-05,0.99998915
3.175138e-06,0.9999968
0.9998074,0.00019260288
0.9999107,8.9228684e-05
3.1015866e-06,0.9999969
0.99967504,0.0003250359
3.1015866e-06,0.9999969
0.9999087,9.13445e-05
0.99991584,8.41511e-05
6.192364e-06,0.9999938
0.99994266,5.7387595e-05
3.6261201e-06,0.9999964
0.9999335,6.657017e-05
0.9999194,8.0612095e-05
0.99987614,0.00012387747
0.00063992746,0.99936
0.9985896,0.0014103585
0.99987996,0.00012006662
4.5659704e-06,0.99999547
0.9999374,6.253713e-05
7.572843e-05,0.9999243
0.9998957,0.000104317325
0.999894,0.00010595991
0.9991524,0.00084759004
3.3016208e-06,0.99999666
0.9999212,7.874486e-05
0.9997192,0.00028075863
4.2228335e-06,0.9999958
0.99984705,0.00015296381
3.0415963e-06,0.9999969
2.9827668e-06,0.999997
0.9997718,0.00022826715
2.9480163e-06,0.999997
1.1568796e-05,0.99998844
4.5481693e-06,0.99999547
0.99992,7.998482e-05
0.9998863,0.00011367751
0.9999175,8.25236e-05
2.971138e-06,0.999997
2.8797263e-06,0.99999714
3.3145427e-06,0.99999666
0.00032950874,0.9996705
0.99991906,8.092758e-05
3.1259124e-06,0.9999969
3.5008545e-06,0.99999654
0.9997551,0.00024489083
4.06106e-06,0.99999595
0.9997818,0.00021824207
3.5979012e-06,0.9999964
0.99968374,0.00031627133
0.99913067,0.00086936745
2.9136713e-06,0.99999714
3.2504342e-06,0.9999968
0.99971086,0.00028910325
2.971138e-06,0.999997
3.288749e-06,0.99999666
0.99989605,0.000103910665
0.99971205,0.00028797647
3.065452e-06,0.9999969
0.999902,9.7997676e-05
3.0179267e-06,0.999997
0.9998596,0.00014036923
0.99959713,0.00040290525
3.4465788e-06,0.99999654
0.0010142631,0.9989857
0.9998134,0.00018667821
0.9998024,0.00019755481
4.512775e-06,0.99999547
3.0415963e-06,0.9999969
3.2125656e-06,0.9999968
0.9998889,0.000111044465
2.925075e-06,0.999997
0.9997813,0.00021866863
0.999757,0.00024298552
3.1627592e-06,0.9999968
0.9988098,0.0011902251
0.9996762,0.00032376905
0.9996673,0.0003327413
0.9994319,0.0005680935
4.125012e-06,0.9999958
0.9998093,0.0001907315
0.99990356,9.6478514e-05
0.9998697,0.00013032975
3.1627592e-06,0.9999968
3.3536137e-06,0.99999666
3.1627592e-06,0.9999968
2.994441e-06,0.999997
0.9998872,0.00011279297
0.9998845,0.00011546747
0.9998894,0.000110611596
3.3405393e-06,0.99999666
3.1875652e-06,0.9999968
5.234907e-06,0.99999475
3.263156e-06,0.9999968
0.99984646,0.00015356239
0.9997805,0.0002195243
0.99972624,0.00027372167
0.9999274,7.254361e-05
4.365878e-05,0.99995637
0.9998932,0.000106790874
0.99991965,8.029784e-05
2.9480163e-06,0.999997
3.7266393e-06,0.9999963
3.2504342e-06,0.9999968
5.7270026e-06,0.9999943
0.9997726,0.00022737742
0.99993074,6.922183e-05
3.237762e-06,0.9999968
0.99985456,0.00014539114
0.99989104,0.0001088969
0.99991286,8.716188e-05
3.200041e-06,0.9999968
0.99964166,0.00035836728
3.1504292e-06,0.9999969
2.9595546e-06,0.999997
4.391051e-06,0.9999956
3.859984e-06,0.9999962
0.99961025,0.00038975227
0.99961853,0.00038147118
0.9998523,0.00014768039
0.99991906,8.092758e-05
0.9996737,0.0003263076
0.9998332,0.0001666882
5.6382146e-06,0.9999944
5.507606e-06,0.9999945
0.9998889,0.000111044465
0.99979705,0.00020303014
3.6119832e-06,0.9999964
0.99992335,7.662102e-05
3.263156e-06,0.9999968
3.3405393e-06,0.99999666
0.99991417,8.581068e-05
0.99988365,0.00011637299
0.99992275,7.7221914e-05
4.0452273e-06,0.99999595
3.237762e-06,0.9999968
0.99986064,0.00013927702
0.9999385,6.156765e-05
3.1875652e-06,0.9999968
0.99991965,8.029784e-05
3.7705674e-06,0.9999962
0.9999145,8.547617e-05
7.1552554e-06,0.99999285
3.175138e-06,0.9999968
3.6832228e-06,0.9999963
3.1875652e-06,0.9999968
2.9595546e-06,0.999997
2.497385e-05,0.99997497
3.6119832e-06,0.9999964
0.99993074,6.922183e-05
0.99992156,7.8437886e-05
0.99993074,6.922183e-05
0.99990463,9.535461e-05
6.6955386e-06,0.9999933
0.99988806,0.0001119153
3.0179267e-06,0.999997
3.3016208e-06,0.99999666
0.010673116,0.98932695
0.9998511,0.00014883847
0.99987566,0.00012436225
3.1015866e-06,0.9999969
2.9595546e-06,0.999997
3.2504342e-06,0.9999968
7.3823862e-06,0.9999926
2.971138e-06,0.999997
3.4465788e-06,0.99999654
3.3275157e-06,0.99999666
3.263156e-06,0.9999968
0.999936,6.402007e-05
0.99992573,7.4263815e-05
3.2125656e-06,0.9999968
0.9999149,8.514296e-05
3.2125656e-06,0.9999968
3.237762e-06,0.9999968
0.99987066,0.00012931562
3.0535007e-06,0.9999969
0.9999125,8.7503e-05
7.736671e-06,0.99999225
0.99984336,0.00015659066
0.999892,0.000108049564
0.9999231,7.6920885e-05
3.2504342e-06,0.9999968
0.9996892,0.00031076217
0.99992716,7.2827526e-05
3.4197574e-06,0.99999654
0.99990535,9.4612624e-05
0.99987316,0.00012681478
3.859984e-06,0.9999962
0.99991286,8.716188e-05
0.9998517,0.0001482583
3.0774495e-06,0.9999969
2.169773e-05,0.9999783
0.99988806,0.0001119153
2.8684992e-06,0.99999714
2.9365233e-06,0.999997
3.6832228e-06,0.9999963
0.9998915,0.00010847241
0.9998894,0.000110611596
5.9551394e-06,0.99999404
0.99991655,8.349628e-05
5.6162335e-06,0.9999944
6.9895054e-06,0.99999297
3.237762e-06,0.9999968
3.3275157e-06,0.99999666
0.99992776,7.226082e-05
0.9998969,0.00010310212
0.99974984,0.00025020776
0.99988127,0.00011866796
0.99950826,0.0004916815
0.9997881,0.00021194234
3.640312e-06,0.9999963
3.1875652e-06,0.9999968
0.9999069,9.3145936e-05
0.99972683,0.00027318773
3.200041e-06,0.9999968
3.542121e-06,0.9999964
0.9997851,0.00021485925
0.99990356,9.6478514e-05
0.99967504,0.0003250359
0.99985397,0.00014596009
0.99990976,9.028039e-05
3.4600682e-06,0.99999654
0.9999001,9.993032e-05
0.9994536,0.00054634205
3.7266393e-06,0.9999963
3.2759278e-06,0.9999968
3.006161e-06,0.999997
3.2759278e-06,0.9999968
3.1875652e-06,0.9999968
3.741225e-06,0.9999963
0.99974877,0.00025118678
0.9998596,0.00014036923
3.1137256e-06,0.9999969
0.9994536,0.00054634205
0.999879,0.0001210082
0.9999255,7.455446e-05
0.99984765,0.00015236756
0.9997594,0.00024062475
3.1504292e-06,0.9999969
5.7270026e-06,0.9999943
0.99988365,0.00011637299
4.0294562e-06,0.99999595
3.0894944e-06,0.9999969
0.99992335,7.662102e-05
3.288749e-06,0.99999666
3.0774495e-06,0.9999969
3.006161e-06,0.999997
3.0894944e-06,0.9999969
0.99984396,0.00015598026
0.053899154,0.94610083
3.1875652e-06,0.9999968
3.1627592e-06,0.9999968
3.1627592e-06,0.9999968
2.83508e-06,0.99999714
2.3737339e-05,0.9999763
3.138147e-06,0.9999969
3.1875652e-06,0.9999968
2.902312e-06,0.99999714
3.5979012e-06,0.9999964
0.99989927,0.000100714
0.99988365,0.00011637299
6.9622565e-06,0.9999931
0.99992716,7.2827526e-05
0.99984705,0.00015296381
0.9995272,0.00047285447
3.006161e-06,0.999997
0.99992275,7.7221914e-05
3.9207694e-06,0.99999607
6.631065e-05,0.9999337
5.4434404e-06,0.9999945
3.1259124e-06,0.9999969
0.9999138,8.61465e-05
0.9998809,0.00011913237
2.9827668e-06,0.999997
2.3278231e-05,0.99997675
3.3405393e-06,0.99999666
0.9996947,0.00030534895
3.8150138e-06,0.9999962
3.1015866e-06,0.9999969
3.3145427e-06,0.99999666
3.9135655e-05,0.9999609
0.9998505,0.00014942093
0.9999335,6.657017e-05
3.1627592e-06,0.9999968
5.6719044e-05,0.99994326
0.99988174,0.000118205375
2.994441e-06,0.999997
3.237762e-06,0.9999968
0.99965334,0.0003466678
3.3667395e-06,0.99999666
0.99989605,0.000103910665
2.8909972e-06,0.99999714
6.085041e-05,0.9999392
2.8684992e-06,0.99999714
1.9073577e-05,0.9999809
0.99984396,0.00015598026
3.5008545e-06,0.99999654
3.1875652e-06,0.9999968
0.99984455,0.00015537225
0.9999132,8.68221e-05
3.288749e-06,0.99999666
3.9980987e-06,0.99999595
0.013768816,0.98623115
0.9999175,8.25236e-05
0.99980444,0.00019563534
0.9997788,0.00022124566
0.99992156,7.8437886e-05
0.9999294,7.058701e-05
3.065452e-06,0.9999969
3.1627592e-06,0.9999968
0.9999087,9.13445e-05
3.2759278e-06,0.9999968
0.9999162,8.382305e-05
2.9480163e-06,0.999997
3.1504292e-06,0.9999969
2.6792983e-05,0.9999732
0.99983203,0.00016799536
6.2409313e-06,0.9999938
3.3016208e-06,0.99999666
0.0025909794,0.99740905
4.35688e-06,0.9999956
2.971138e-06,0.999997
3.2759278e-06,0.9999968
3.0894944e-06,0.9999969
0.99993026,6.976471e-05
0.9997726,0.00022737742
0.99991655,8.349628e-05
0.9999324,6.761842e-05
0.9998634,0.00013658355
0.99992156,7.8437886e-05
3.065452e-06,0.9999969
3.2125656e-06,0.9999968
0.99983,0.00016997529
4.6017813e-06,0.99999535
0.9998915,0.00010847241
5.5725272e-06,0.9999944
0.999071,0.00092900335
0.99990165,9.83812e-05
0.9998505,0.00014942093
0.9999219,7.8132114e-05
0.99991035,8.957788e-05
0.9999269,7.311255e-05
0.99975175,0.00024826112
0.9999305,6.9492744e-05
0.9998702,0.00012982171
3.0894944e-06,0.9999969
3.2125656e-06,0.9999968
0.99983,0.00016997529
0.9998568,0.00014313738
0.99992836,7.169852e-05
0.99983966,0.0001603035
0.99994123,5.874842e-05
0.9998932,0.000106790874
3.0415963e-06,0.9999969
0.99988043,0.00011959858
3.2125656e-06,0.9999968
0.999826,0.00017400544
3.2504342e-06,0.9999968
0.9998832,0.00011682841
0.9998067,0.00019335657
3.3275157e-06,0.99999666
2.8684992e-06,0.99999714
0.99992216,7.782753e-05
0.99990606,9.387641e-05
3.065452e-06,0.9999969
3.200041e-06,0.9999968
0.99986064,0.00013927702
3.1504292e-06,0.9999969
3.2251392e-06,0.9999968
4.6560253e-06,0.99999535
3.4465788e-06,0.99999654
0.99991965,8.029784e-05
0.00023050672,0.9997695
3.138147e-06,0.9999969
0.99992776,7.226082e-05
3.741225e-06,0.9999963
0.95869267,0.041307304
3.288749e-06,0.99999666
0.9997273,0.0002726548
2.925075e-06,0.999997
3.263156e-06,0.9999968
0.0056969603,0.9943031
0.9999043,9.572778e-05
2.2917342e-05,0.9999771
0.99983966,0.0001603035
0.9996395,0.00036047245
0.9998385,0.00016156059
0.9998952,0.000104725565
0.99992275,7.7221914e-05
6.9622565e-06,0.9999931
8.835546e-06,0.9999912
3.200041e-06,0.9999968
0.9998104,0.0001896174
0.9999329,6.7092245e-05
0.99980897,0.00019110434
0.9998671,0.00013289992
2.2650353e-05,0.99997735
0.9999145,8.547617e-05
2.925075e-06,0.999997
5.194169e-06,0.99999475
0.9998795,0.00012053649
0.9997508,0.00024923251
5.1739194e-06,0.9999949
0.9998932,0.000106790874
0.9998945,0.00010554686
0.99987113,0.00012881155
3.138147e-06,0.9999969
0.99993956,6.0376886e-05
0.99993396,6.605214e-05
0.99992335,7.662102e-05
5.014735e-06,0.999995
3.1875652e-06,0.9999968
3.3145427e-06,0.99999666
0.9999175,8.25236e-05
3.0179267e-06,0.999997
0.99991286,8.716188e-05
0.9999335,6.657017e-05
5.014735e-06,0.999995
0.99978846,0.00021152887
3.3016208e-06,0.99999666
0.99991715,8.284656e-05
0.99977654,0.00022341634
0.9998977,0.00010229986
2.902312e-06,0.99999714
3.7705674e-06,0.9999962
2.9136713e-06,0.99999714
3.175138e-06,0.9999968
0.0018422535,0.9981578
3.6261201e-06,0.9999964
0.999928,7.197912e-05
5.2966143e-06,0.99999475
4.157365e-06,0.9999958
6.439038e-06,0.99999356
7.646538e-06,0.9999924
6.439038e-06,0.99999356
5.8628143e-06,0.99999416
0.9998932,0.000106790874
3.5838746e-06,0.9999964
5.486134e-06,0.9999945
0.99990237,9.761566e-05
3.8983082e-05,0.999961
3.059843e-05,0.99996936
5.359049e-06,0.99999464
4.5481693e-06,0.99999547
0.9997603,0.00023968687
0.9998957,0.000104317325
6.617533e-06,0.9999933
7.646538e-06,0.9999924
4.692543e-06,0.99999535
5.4647453e-06,0.9999945
6.314496e-06,0.9999937
3.4736106e-06,0.99999654
3.7052967e-05,0.9999629
7.889263e-06,0.99999213
4.6378736e-06,0.99999535
0.9997478,0.00025216964
4.9951846e-06,0.999995
2.22992e-05,0.9999777
6.8275954e-06,0.9999932
4.6378736e-06,0.99999535
5.3800236e-06,0.99999464
4.6560253e-06,0.99999535
6.6955386e-06,0.9999933
0.99990606,9.387641e-05
7.1552554e-06,0.99999285
4.2315598e-05,0.9999577
5.3381555e-06,0.99999464
7.016861e-06,0.99999297
3.200041e-06,0.9999968
0.9994673,0.000532652
4.4254907e-06,0.9999956
2.1112483e-05,0.9999789
6.0963603e-06,0.9999939
4.1899716e-06,0.9999958
5.6382146e-06,0.9999944
6.192364e-06,0.9999938
3.7266393e-06,0.9999963
5.3700678e-05,0.99994636
7.616726e-06,0.9999924
3.875091e-06,0.99999607
0.9999379,6.205049e-05
8.332719e-06,0.99999166
0.9999043,9.572778e-05
6.908076e-06,0.9999931
1.1568796e-05,0.99998844
1.2460073e-05,0.9999875
5.9551394e-06,0.99999404
0.9996935,0.0003065437
9.080475e-06,0.99999094
1.2755551e-05,0.99998724
4.4428116e-06,0.9999956
0.99989104,0.0001088969
0.99984276,0.00015720345
3.5699022e-06,0.9999964
3.1259124e-06,0.9999969
5.4647453e-06,0.9999945
3.6832228e-06,0.9999963
8.332719e-06,0.99999166
1.3846005e-05,0.9999862
7.016861e-06,0.99999297
1.1568796e-05,0.99998844
8.203532e-06,0.9999918
1.520684e-05,0.99998474
2.8188664e-05,0.99997187
3.9669862e-06,0.99999607
4.06106e-06,0.99999595
2.0704138e-05,0.99997926
9.479151e-06,0.99999046
8.664653e-06,0.9999913
6.4139344e-06,0.99999356
6.657017e-05,0.9999335
4.5659704e-06,0.99999547
4.898569e-06,0.9999951
0.9998952,0.000104725565
7.646538e-06,0.9999924
3.875091e-06,0.99999607
6.120221e-06,0.9999939
3.640312e-06,0.9999963
3.288749e-06,0.99999666
4.8038232e-06,0.99999523
2.6377607e-05,0.99997365
3.0006619e-05,0.99996996
0.99986017,0.00013982208
3.9054835e-06,0.99999607
3.6832228e-06,0.9999963
9.22347e-06,0.9999908
1.3058036e-05,0.9999869
5.0738468e-06,0.9999949
3.2444816e-05,0.9999676
6.8543177e-06,0.9999932
6.643433e-06,0.9999933
5.7270026e-06,0.9999943
0.9999043,9.572778e-05
5.133655e-06,0.9999949
3.4465788e-06,0.99999654
5.422219e-06,0.99999464
5.486134e-06,0.9999945
6.4139344e-06,0.99999356
6.168222e-06,0.9999938
4.9951846e-06,0.999995
5.133655e-06,0.9999949
0.9997893,0.00021070437
1.331558e-05,0.99998665
0.99986494,0.0001349925
4.9177415e-06,0.9999951
1.4064044e-05,0.99998593
0.99958915,0.00041084853
4.4254907e-06,0.9999956
0.0017207356,0.99827933
0.9989975,0.0010024584
6.364022e-06,0.9999937
0.9998822,0.00011774459
1.7778551e-05,0.99998224
1.1659529e-05,0.9999883
4.10893e-06,0.99999595
8.23564e-06,0.9999918
0.99992275,7.7221914e-05
0.99993646,6.352188e-05
5.507606e-06,0.9999945
0.9998074,0.00019260288
1.709748e-05,0.99998295
0.999864,0.00013605112
3.4736106e-06,0.99999654
4.5304378e-06,0.99999547
4.391051e-06,0.9999956
0.9982317,0.0017683518
4.013747e-06,0.99999595
0.9998313,0.00016865275
8.974685e-06,0.99999106
0.99915075,0.00084924564
0.000235052,0.999765
9.6478514e-05,0.99990356
5.317344e-06,0.99999464
6.643433e-06,0.9999933
4.0929112e-06,0.99999595
0.27226636,0.7277337
0.9998273,0.00017265153
1.1256751e-05,0.9999888
0.99989367,0.00010637459
5.0540657e-06,0.999995
4.7850945e-06,0.99999523
6.9895054e-06,0.99999297
0.99979585,0.00020422302
0.9998776,0.00012243443
5.9319223e-06,0.99999404
0.00021402177,0.99978596
6.144174e-06,0.9999938
4.936989e-06,0.9999951
0.9996458,0.00035419365
2.8744618e-05,0.9999713
6.120221e-06,0.9999939
5.7945103e-06,0.99999416
0.99992716,7.2827526e-05
3.6976385e-06,0.9999963
2.9773113e-05,0.9999702
6.0963603e-06,0.9999939
0.15902139,0.84097856
4.9563114e-06,0.999995
3.859984e-06,0.9999962
4.173636e-06,0.9999958
0.99983525,0.00016474657
3.5559847e-06,0.9999964
1.723157e-05,0.9999827
7.2395987e-06,0.9999927
0.00015177361,0.99984825
5.5725272e-06,0.9999944
0.9999031,9.685608e-05
3.3667395e-06,0.99999666
1.4624283e-05,0.99998534
0.99992037,7.967302e-05
3.859984e-06,0.9999962
5.0738468e-06,0.9999949
4.495181e-06,0.99999547
3.3931449e-06,0.99999666
1.3263668e-05,0.99998677
4.6378736e-06,0.99999535
1.5812602e-05,0.99998415
6.0489183e-06,0.9999939
0.9998996,0.00010032139
3.1941818e-05,0.99996805
1.1256751e-05,0.9999888
6.7744627e-06,0.9999932
8.73261e-06,0.9999913
8.0448635e-06,0.999992
7.1273603e-06,0.99999285
0.00032125026,0.99967873
1.1125608e-05,0.9999889
4.5481693e-06,0.99999547
8.530321e-06,0.9999914
6.8009767e-06,0.9999932
0.9999118,8.818923e-05
8.581068e-05,0.99991417
5.660282e-06,0.9999944
5.486134e-06,0.9999945
9.666109e-06,0.99999034
0.9995802,0.0004197671
6.144174e-06,0.9999938
0.9998977,0.00010229986
1.04515475e-05,0.9999895
4.879472e-06,0.9999951
1.4119089e-05,0.99998593
3.6832228e-06,0.9999963
8.430941e-06,0.99999154
3.3344186e-05,0.9999666
2.6897844e-05,0.99997306
6.5917343e-06,0.99999344
2.6584483e-05,0.9999734
3.7052967e-05,0.9999629
0.99989104,0.0001088969
6.120221e-06,0.9999939
2.9541425e-05,0.99997044
7.099573e-06,0.99999285
0.00013982208,0.99986017
8.398072e-06,0.99999166
5.660282e-06,0.9999944
1.5147556e-05,0.99998486
1.005116e-05,0.99999
7.267934e-06,0.9999927
1.020944e-05,0.99998975
0.9999335,6.657017e-05
4.8038232e-06,0.99999523
1.770924e-05,0.99998224
0.00011235327,0.9998876
0.99991906,8.092758e-05
5.4647453e-06,0.9999945
2.3187476e-05,0.99997675
4.7478566e-06,0.99999523
1.0699397e-05,0.9999893
4.5838406e-06,0.99999547
1.6442495e-05,0.99998355
0.999905,9.49829e-05
4.4428116e-06,0.9999956
0.0032037182,0.9967963
2.4876488e-05,0.9999751
0.99992776,7.226082e-05
3.741225e-06,0.9999963
0.99992096,7.905304e-05
4.125012e-06,0.9999958
0.7846905,0.21530949
4.9563114e-06,0.999995
3.5145565e-06,0.99999654
6.9895054e-06,0.99999297
4.0294562e-06,0.99999595
2.4779507e-05,0.9999752
2.169773e-05,0.9999783
5.359049e-06,0.99999464
4.0294562e-06,0.99999595
2.6584483e-05,0.9999734
3.8902576e-06,0.99999607
5.014735e-06,0.999995
0.9999083,9.170197e-05
0.9998989,0.00010110815
0.0001673405,0.99983263
4.0929112e-06,0.99999595
4.9563114e-06,0.999995
8.0448635e-06,0.999992
4.8226243e-06,0.99999523
5.014735e-06,0.999995
0.99990463,9.535461e-05
7.52799e-06,0.9999925
4.013747e-06,0.99999595
7.1140596e-05,0.99992883
9.442197e-06,0.9999906
0.011687259,0.9883128
5.153748e-06,0.9999949
0.9999274,7.254361e-05
9.703942e-06,0.99999034
4.495181e-06,0.99999547
4.5659704e-06,0.99999547
2.4017143e-05,0.99997604
3.5633544e-05,0.99996436
1.6766788e-05,0.9999832
0.99974686,0.00025315638
5.3800236e-06,0.99999464
4.7850945e-06,0.99999523
4.8038232e-06,0.99999523
0.99990904,9.0988404e-05
0.99989283,0.000107208805
4.451984e-05,0.99995553
4.6017813e-06,0.99999535
0.99984455,0.00015537225
1.0249399e-05,0.99998975
0.9998746,0.00012533751
8.870128e-06,0.9999912
3.487206e-06,0.99999654
5.359049e-06,0.99999464
3.785325e-06,0.9999962
4.06106e-06,0.99999595
6.364022e-06,0.9999937
5.2553955e-06,0.99999475
0.9909622,0.0090377545
5.8399573e-06,0.99999416
8.300232e-06,0.99999166
1.7164395e-05,0.99998283
6.8275954e-06,0.9999932
5.0738468e-06,0.9999949
0.9998771,0.00012291357
4.125012e-06,0.9999958
4.2228335e-06,0.9999958
7.676465e-06,0.9999924
6.6694347e-06,0.9999933
7.5574535e-06,0.9999925
0.9981505,0.0018494504
6.2653567e-06,0.9999937
0.9998629,0.00013711804
8.597225e-06,0.9999914
6.477467e-05,0.99993527
2.3278231e-05,0.99997675
0.9998889,0.000111044465
1.3684696e-05,0.9999863
4.936989e-06,0.9999951
7.827868e-06,0.99999213
2.764346e-05,0.99997234
5.8171895e-06,0.99999416
6.2898785e-06,0.9999937
4.4254907e-06,0.9999956
5.507606e-06,0.9999945
0.9999292,7.0863265e-05
0.9999031,9.685608e-05
5.7719203e-06,0.9999943
9.368717e-06,0.9999906
0.999902,9.7997676e-05
4.8226243e-06,0.99999523
9.954076e-05,0.99990046
5.7719203e-06,0.9999943
0.99986863,0.0001313518
0.00013711804,0.9998629
1.2606946e-05,0.99998736
4.7850945e-06,0.99999523
1.1659529e-05,0.9999883
0.99723166,0.0027683857
6.9351136e-06,0.9999931
1.41743485e-05,0.9999858
6.4139344e-06,0.99999356
1.0370215e-05,0.9999896
1.5750957e-05,0.99998426
5.8171895e-06,0.99999416
0.999765,0.000235052
3.3275157e-06,0.99999666
0.99987364,0.00012632042
6.6955386e-06,0.9999933
0.0004036926,0.9995963
0.9999001,9.993032e-05
4.1899716e-06,0.9999958
0.99986863,0.0001313518
6.144174e-06,0.9999938
5.5508026e-06,0.9999944
5.2759647e-06,0.99999475
3.859984e-06,0.9999962
2.3830244e-05,0.99997616
0.99984586,0.00015416334
5.9551394e-06,0.99999404
6.841543e-05,0.9999316
0.99990904,9.0988404e-05
6.001846e-06,0.99999404
4.6378736e-06,0.99999535
6.120221e-06,0.9999939
0.999884,0.000115919334
7.1832605e-06,0.99999285
5.4434404e-06,0.9999945
0.99984825,0.00015177361
0.9999031,9.685608e-05
3.6119832e-06,0.9999964
1.005116e-05,0.99999
4.879472e-06,0.9999951
5.978447e-06,0.99999404
0.99993134,6.8683185e-05
4.0853844e-05,0.9999591
3.936115e-06,0.99999607
1.1750976e-05,0.9999882
6.9895054e-06,0.99999297
4.512775e-06,0.99999547
4.7293465e-06,0.99999523
5.2759647e-06,0.99999475
0.9999349,6.502816e-05
5.5508026e-06,0.9999944
5.5508026e-06,0.9999944
1.5628384e-05,0.9999844
5.0738468e-06,0.9999949
9.703942e-06,0.99999034
4.125012e-06,0.9999958
1.8851368e-05,0.99998116
7.1552554e-06,0.99999285
6.3889293e-06,0.99999356
0.99988544,0.000114569
6.721744e-06,0.9999933
9.856754e-06,0.9999901
6.6955386e-06,0.9999933
0.99988854,0.00011147904
6.721744e-06,0.9999933
0.00021402177,0.99978596
0.9998596,0.00014036923
4.8226243e-06,0.99999523
8.630874e-06,0.9999914
9.29581e-06,0.9999907
4.7664394e-06,0.99999523
4.157365e-06,0.9999958
3.1446623e-05,0.9999685
4.898569e-06,0.9999951
0.9998771,0.00012291357
5.113641e-06,0.9999949
7.736671e-06,0.99999225
0.999892,0.000108049564
3.487206e-06,0.99999654
3.9054835e-06,0.99999607
8.974685e-06,0.99999106
0.99988854,0.00011147904
4.6560253e-06,0.99999535
0.9999151,8.481104e-05
8.1881444e-05,0.9999181
3.8150138e-06,0.9999962
0.99988043,0.00011959858
4.4254907e-06,0.9999956
7.2395987e-06,0.9999927
4.2726106e-06,0.9999957
2.5666135e-05,0.99997437
9.703942e-06,0.99999034
5.214498e-06,0.99999475
3.859984e-06,0.9999962
0.99986494,0.0001349925
0.0021657674,0.99783427
5.234907e-06,0.99999475
8.698566e-06,0.9999913
4.710909e-06,0.99999523
0.9999118,8.818923e-05
4.9951846e-06,0.999995
0.99988854,0.00011147904
1.30071285e-05,0.999987
0.99992037,7.967302e-05
4.9665203e-05,0.9999503
6.48954e-06,0.99999356
2.1867905e-05,0.9999782
0.99986064,0.00013927702
2.4876488e-05,0.9999751
0.99971145,0.0002885393
3.7705674e-06,0.9999962
0.9999083,9.170197e-05
5.5725272e-06,0.9999944
0.99989283,0.000107208805
5.3800236e-06,0.99999464
3.0718184e-05,0.99996924
2.430024e-05,0.9999757
0.99993217,6.7883055e-05
0.9066944,0.093305565
0.99990654,9.351047e-05
4.3398945e-06,0.9999957
0.00015118199,0.99984884
5.7945103e-06,0.99999416
2.5466403e-05,0.9999745
4.2228335e-06,0.9999958
5.2759647e-06,0.99999475
4.3739324e-06,0.9999956
0.99990654,9.351047e-05
4.391051e-06,0.9999956
0.99986863,0.0001313518
6.9622565e-06,0.9999931
1.3420013e-05,0.9999865
2.596867e-05,0.999974
8.17155e-06,0.9999918
4.9177415e-06,0.9999951
0.99984276,0.00015720345
8.8011e-06,0.9999912
4.255953e-06,0.9999957
1.5326106e-05,0.9999846
5.194169e-06,0.99999475
6.7744627e-06,0.9999932
0.9999012,9.87662e-05
6.6955386e-06,0.9999933
4.7664394e-06,0.99999523
3.542121e-06,0.9999964
8.5637075e-06,0.9999914
0.9998894,0.000110611596
3.4600682e-06,0.99999654
0.99990606,9.387641e-05
4.841499e-06,0.9999951
3.6832228e-06,0.9999963
0.99984396,0.00015598026
1.3846005e-05,0.9999862
0.00012780925,0.9998722
0.9998416,0.00015843622
1.736672e-05,0.9999826
9.045074e-06,0.99999094
4.495181e-06,0.99999547
3.8001403e-06,0.9999962
1.6314541e-05,0.99998367
0.99989605,0.000103910665
1.4064044e-05,0.99998593
4.9177415e-06,0.9999951
8.23564e-06,0.9999918
9.442197e-06,0.9999906
5.0738468e-06,0.9999949
0.9998579,0.00014202362
1.4453909e-05,0.9999856
5.660282e-06,0.9999944
0.99986446,0.0001355208
0.01844021,0.98155975
3.5283117e-06,0.9999964
7.0718957e-06,0.99999297
5.2553955e-06,0.99999475
3.6832228e-06,0.9999963
7.3823862e-06,0.9999926
9.045074e-06,0.99999094
3.8449352e-06,0.9999962
5.507606e-06,0.9999945
7.797352e-06,0.99999225
2.9083441e-05,0.9999709
0.9999083,9.170197e-05
1.1568796e-05,0.99998844
3.3799163e-06,0.99999666
5.8628143e-06,0.99999416
0.99988544,0.000114569
9.080475e-06,0.99999094
5.0738468e-06,0.9999949
4.173636e-06,0.9999958
3.2571796e-05,0.99996746
0.00013238186,0.99986756
0.9981792,0.0018208296
8.332719e-06,0.99999166
4.10893e-06,0.99999595
4.408237e-06,0.9999956
6.364022e-06,0.9999937
5.978447e-06,0.99999404
6.4139344e-06,0.99999356
3.8902576e-06,0.99999607
0.89991575,0.10008423
4.2726106e-06,0.9999957
7.3823862e-06,0.9999926
4.3229747e-06,0.9999957
7.324937e-06,0.9999927
5.133655e-06,0.9999949
4.5481693e-06,0.99999547
8.597225e-06,0.9999914
9.368717e-06,0.9999906
8.267873e-06,0.9999918
3.5699022e-06,0.9999964
4.7293465e-06,0.99999523
5.1442214e-05,0.9999485
2.72149e-05,0.9999728
5.660282e-06,0.9999944
1.1434016e-05,0.99998856
0.9998623,0.00013765463
7.440287e-06,0.9999926
0.9998746,0.00012533751
1.0533521e-05,0.9999895
6.439038e-06,0.99999356
4.710909e-06,0.99999523
5.0738468e-06,0.9999949
6.721744e-06,0.9999933
0.000108049564,0.999892
3.7489724e-05,0.99996257
1.0370215e-05,0.9999896
6.0376886e-05,0.99993956
7.646538e-06,0.9999924
0.99989843,0.00010150382
1.991099e-05,0.9999801
7.099573e-06,0.99999285
6.5917343e-06,0.99999344
5.7046755e-06,0.9999943
1.12128655e-05,0.9999888
5.5508026e-06,0.9999944
0.99991417,8.581068e-05
4.512775e-06,0.99999547
1.723157e-05,0.9999827
0.99987364,0.00012632042
4.841499e-06,0.9999951
0.9999212,7.874486e-05
6.168222e-06,0.9999938
3.9825127e-06,0.99999607
5.4010798e-06,0.99999464
6.0253356e-06,0.9999939
3.4736106e-06,0.99999654
4.4428116e-06,0.9999956
4.2893334e-06,0.9999957
0.9999286,7.141902e-05
1.9602307e-05,0.99998045
3.5145565e-06,0.99999654
3.0894944e-06,0.9999969
2.22992e-05,0.9999777
2.1030175e-05,0.999979
3.7705674e-06,0.9999962
0.99988985,0.000110180416
4.0294562e-06,0.99999595
1.2755551e-05,0.99998724
7.92014e-06,0.99999213
4.391051e-06,0.9999956
4.879472e-06,0.9999951
7.440287e-06,0.9999926
0.9998273,0.00017265153
9.116015e-06,0.99999094
3.875091e-06,0.99999607
4.3739324e-06,0.9999956
7.440287e-06,0.9999926
6.2409313e-06,0.9999938
1.43975585e-05,0.9999856
0.99993026,6.976471e-05
0.99983907,0.00016093082
0.9999012,9.87662e-05
2.9657043e-05,0.9999703
4.0769546e-06,0.99999595
2.9365233e-06,0.999997
8.870128e-06,0.9999912
5.6824347e-06,0.9999943
0.9998766,0.00012339458
1.1568796e-05,0.99998844
2.5566074e-05,0.9999745
7.044325e-06,0.99999297
0.0002726548,0.9997273
6.4139344e-06,0.99999356
9.278282e-05,0.99990726
0.99920684,0.00079317606
8.0135e-06,0.999992
2.9365233e-06,0.999997
2.9083441e-05,0.9999709
3.5008545e-06,0.99999654
0.99984586,0.00015416334
3.5008545e-06,0.99999654
5.359049e-06,0.99999464
7.2113753e-06,0.99999285
6.7744627e-06,0.9999932
8.939696e-06,0.99999106
0.016931161,0.9830688
1.1434016e-05,0.99998856
3.640312e-06,0.9999963
6.643433e-06,0.9999933
5.7046755e-06,0.9999943
7.5870316e-06,0.9999924
3.859984e-06,0.9999962
0.9985952,0.0014048679
5.5291625e-06,0.9999945
1.2755551e-05,0.99998724
3.9515203e-06,0.99999607
3.1504292e-06,0.9999969
4.9951846e-06,0.999995
1.4119089e-05,0.99998593
0.999936,6.402007e-05
0.9998957,0.000104317325
0.99985456,0.00014539114
4.9757095e-06,0.999995
2.8632558e-05,0.9999714
4.5481693e-06,0.99999547
0.9998722,0.00012780925
3.7266393e-06,0.9999963
1.1568796e-05,0.99998844
3.5283117e-06,0.9999964
4.0769546e-06,0.99999595
3.1941818e-05,0.99996805
0.0001097509,0.9998902
7.1832605e-06,0.99999285
4.841499e-06,0.9999951
0.99990165,9.83812e-05
7.3823862e-06,0.9999926
7.7524135e-05,0.9999225
4.477656e-06,0.99999547
4.9951846e-06,0.999995
2.3830244e-05,0.99997616
5.7945103e-06,0.99999416
3.9980987e-06,0.99999595
0.99987566,0.00012436225
3.2125656e-06,0.9999968
9.442197e-06,0.9999906
3.1446623e-05,0.9999685
4.879472e-06,0.9999951
5.0540657e-06,0.999995
6.464239e-06,0.99999356
4.8038232e-06,0.99999523
4.6742484e-06,0.99999535
1.1936026e-05,0.9999881
7.858505e-06,0.99999213
4.35688e-06,0.9999956
6.9351136e-06,0.9999931
6.452215e-05,0.9999355
1.0410802e-05,0.9999896
4.157365e-06,0.9999958
0.9998809,0.00011913237
3.5699022e-06,0.9999964
5.8171895e-06,0.99999416
0.9998876,0.00011235327
4.8604484e-06,0.9999951
6.617533e-06,0.9999933
3.5008545e-06,0.99999654
2.4779507e-05,0.9999752
3.065452e-06,0.9999969
0.00013238186,0.99986756
7.3398674e-05,0.99992657
3.4808123e-05,0.9999652
4.8226243e-06,0.99999523
9.151693e-06,0.9999908
0.9999155,8.448042e-05
4.3739324e-06,0.9999956
5.4434404e-06,0.9999945
3.883111e-05,0.99996114
0.99987066,0.00012931562
0.99992335,7.662102e-05
6.8009767e-06,0.9999932
4.157365e-06,0.9999958
9.045074e-06,0.99999094
0.99992096,7.905304e-05
3.1324027e-05,0.99996865
0.99959785,0.00040211933
4.2228335e-06,0.9999958
1.1256751e-05,0.9999888
0.9998845,0.00011546747
8.835546e-06,0.9999912
7.1832605e-06,0.99999285
3.8150138e-06,0.9999962
4.3229747e-06,0.9999957
2.1278069e-05,0.9999788
5.7270026e-06,0.9999943
1.9679026e-05,0.99998033
3.8001403e-06,0.9999962
4.5481693e-06,0.99999547
3.206683e-05,0.99996793
1.5446309e-05,0.9999845
0.9998981,0.00010190106
0.982117,0.017883008
4.4254907e-06,0.9999956
7.646538e-06,0.9999924
7.52799e-06,0.9999925
5.0540657e-06,0.999995
2.5766587e-05,0.99997425
3.7121106e-06,0.9999963
0.99992216,7.782753e-05
5.749418e-06,0.9999943
5.7270026e-06,0.9999943
8.8011e-06,0.9999912
0.0005142608,0.99948573
3.3931449e-06,0.99999666
0.0072047687,0.99279517
2.4205507e-05,0.9999758
8.835546e-06,0.9999912
0.99992514,7.4846226e-05
3.2318327e-05,0.9999677
8.17155e-06,0.9999918
3.5979012e-06,0.9999964
5.2553955e-06,0.99999475
1.2411497e-05,0.9999876
4.408237e-06,0.9999956
0.99993265,6.735481e-05
0.9998591,0.00014091855
0.99991715,8.284656e-05
6.364022e-06,0.9999937
1.0169639e-05,0.99998987
3.785325e-06,0.9999962
6.2165996e-06,0.9999938
4.8038232e-06,0.99999523
1.6636308e-05,0.9999833
3.4736106e-06,0.99999654
0.98427594,0.01572399
0.99983263,0.0001673405
1.3525268e-05,0.9999865
0.9998134,0.00018667821
5.359049e-06,0.99999464
6.192364e-06,0.9999938
1.3792024e-05,0.9999862
0.9999219,7.8132114e-05
0.00062267727,0.9993773
5.034362e-06,0.999995
6.2409313e-06,0.9999938
1.8200151e-05,0.99998176
8.73261e-06,0.9999913
5.8399573e-06,0.99999416
3.936115e-06,0.99999607
6.3889293e-06,0.99999356
1.1750976e-05,0.9999882
2.6792983e-05,0.9999732
0.9999162,8.382305e-05
3.6688632e-06,0.9999963
5.0738468e-06,0.9999949
5.0540657e-06,0.999995
0.9998727,0.00012731104
8.365331e-06,0.99999166
0.9999324,6.761842e-05
4.0294562e-06,0.99999595
1.3738256e-05,0.9999863
2.4682904e-05,0.9999753
6.253713e-05,0.9999374
6.192364e-06,0.9999938
0.9999367,6.327425e-05
0.9998969,0.00010310212
0.9998932,0.000106790874
0.00074661145,0.99925333
5.749418e-06,0.9999943
0.99992096,7.905304e-05
0.9999311,6.895199e-05
3.5559847e-06,0.9999964
5.5508026e-06,0.9999944
3.5699022e-06,0.9999964
7.736671e-06,0.99999225
1.0574747e-05,0.9999894
0.9998702,0.00012982171
6.3889293e-06,0.99999356
0.99987805,0.000121957164
1.3472537e-05,0.9999865
6.5149384e-06,0.99999344
0.99991286,8.716188e-05
2.4876488e-05,0.9999751
5.234907e-06,0.99999475
4.495181e-06,0.99999547
3.3931449e-06,0.99999666
1.091042e-05,0.99998903
4.3739324e-06,0.9999956
5.422219e-06,0.99999464
0.9998629,0.00013711804
0.9996451,0.00035488585
7.226082e-05,0.99992776
9.187512e-06,0.9999908
3.6261201e-06,0.9999964
0.99983585,0.00016410438
4.255953e-06,0.9999957
4.9177415e-06,0.9999951
5.749418e-06,0.9999943
5.6824347e-06,0.9999943
6.8811437e-06,0.9999931
8.698566e-06,0.9999913
0.9988418,0.0011581581
0.99990237,9.761566e-05
4.6560253e-06,0.99999535
5.9551394e-06,0.99999404
4.5481693e-06,0.99999547
8.267873e-06,0.9999918
5.9673515e-05,0.9999403
7.1273603e-06,0.99999285
0.99975556,0.00024441312
1.5998992e-05,0.999984
0.99992716,7.2827526e-05
5.359049e-06,0.99999464
4.3398945e-06,0.9999957
0.00024826112,0.99975175
7.5574535e-06,0.9999925
3.308471e-05,0.99996686
1.4064044e-05,0.99998593
0.9998977,0.00010229986
1.1705164e-05,0.9999883
0.99988985,0.000110180416
4.0929112e-06,0.99999595
1.1659529e-05,0.9999883
1.4912718e-05,0.9999851
1.1750976e-05,0.9999882
8.5637075e-06,0.9999914
5.4647453e-06,0.9999945
7.766952e-06,0.99999225
4.6742484e-06,0.99999535
7.9822585e-06,0.999992
5.6382146e-06,0.9999944
5.133655e-06,0.9999949
8.835546e-06,0.9999912
1.0657685e-05,0.9999894
3.5559847e-06,0.9999964
2.0623422e-05,0.9999794
5.014735e-06,0.999995
4.4254907e-06,0.9999956
4.306121e-06,0.9999957
7.324937e-06,0.9999927
1.6964426e-05,0.9999831
0.99987364,0.00012632042
4.4602e-06,0.9999956
9.818327e-06,0.9999902
1.4341429e-05,0.9999857
4.619792e-06,0.99999535
8.698566e-06,0.9999913
0.00031197807,0.999688
0.9997631,0.00023689508
3.4808123e-05,0.9999652
3.9825127e-06,0.99999607
0.99989605,0.000103910665
6.908076e-06,0.9999931
4.06106e-06,0.99999595
1.456727e-05,0.99998546
3.3016208e-06,0.99999666
4.6017813e-06,0.99999535
1.2076722e-05,0.99998796
6.4270615e-05,0.99993575
0.99988043,0.00011959858
2.897006e-05,0.99997103
4.3398945e-06,0.9999957
5.0738468e-06,0.9999949
4.4254907e-06,0.9999956
0.9999187,8.124429e-05
4.6378736e-06,0.99999535
5.978447e-06,0.99999404
0.99990976,9.028039e-05
8.365331e-06,0.99999166
0.9987031,0.0012968953
4.477656e-06,0.99999547
4.6742484e-06,0.99999535
5.214498e-06,0.99999475
0.99992096,7.905304e-05
5.7046755e-06,0.9999943
4.6378736e-06,0.99999535
3.6688632e-06,0.9999963
4.512775e-06,0.99999547
6.2653567e-06,0.9999937
5.594338e-06,0.9999944
1.4738981e-05,0.9999852
0.284576,0.715424
4.0929112e-06,0.99999595
7.1832605e-06,0.99999285
5.5508026e-06,0.9999944
4.5838406e-06,0.99999547
7.5870316e-06,0.9999924
0.99991715,8.284656e-05
7.2395987e-06,0.9999927
4.125012e-06,0.9999958
0.99992394,7.602479e-05
5.4647453e-06,0.9999945
4.6017813e-06,0.99999535
0.9980732,0.0019267346
0.99987113,0.00012881155
0.99989367,0.00010637459
1.4285517e-05,0.9999857
7.498641e-06,0.9999925
3.3799163e-06,0.99999666
9.703942e-06,0.99999034
2.2739e-05,0.99997723
4.477656e-06,0.99999547
6.6694347e-06,0.9999933
1.3846005e-05,0.9999862
0.99985576,0.00014425987
2.0303694e-05,0.99997973
3.9825127e-06,0.99999607
5.2966143e-06,0.99999475
4.3739324e-06,0.9999956
7.1832605e-06,0.99999285
5.034362e-06,0.999995
0.99984586,0.00015416334
5.7046755e-06,0.9999943
4.7664394e-06,0.99999523
5.486134e-06,0.9999945
3.8449352e-06,0.9999962
0.00029023446,0.9997098
1.0011974e-05,0.99999
7.2113753e-06,0.99999285
3.542121e-06,0.9999964
0.9994012,0.00059883716
4.593298e-05,0.9999541
1.8559109e-05,0.9999814
8.430941e-06,0.99999154
9.934061e-06,0.9999901
6.439038e-06,0.99999356
4.8226243e-06,0.99999523
1.8851368e-05,0.99998116
4.710909e-06,0.99999523
7.889263e-06,0.99999213
5.3800236e-06,0.99999464
4.710909e-06,0.99999523
2.3552617e-05,0.9999764
4.70222e-05,0.99995303
5.113641e-06,0.9999949
4.1899716e-06,0.9999958
3.5008545e-06,0.99999654
1.3631346e-05,0.9999864
2.8909972e-06,0.99999714
1.1843139e-05,0.9999882
0.9999027,9.7235126e-05
0.99992514,7.4846226e-05
4.7293465e-06,0.99999523
8.17155e-06,0.9999918
3.0360317e-05,0.9999696
1.7502925e-05,0.9999825
8.698566e-06,0.9999913
9.368717e-06,0.9999906
0.2285006,0.77149934
3.8001403e-06,0.9999962
0.4136002,0.5863998
5.8171895e-06,0.99999416
5.1739194e-06,0.9999949
6.5149384e-06,0.99999344
1.6314541e-05,0.99998367
1.6964426e-05,0.9999831
9.368717e-06,0.9999906
6.168222e-06,0.9999938
4.7293465e-06,0.99999523
0.99991775,8.220189e-05
7.858505e-06,0.99999213
0.000390514,0.99960953
5.507606e-06,0.9999945
6.7744627e-06,0.9999932
6.735481e-05,0.99993265
1.2705822e-05,0.99998724
2.8188664e-05,0.99997187
0.9989536,0.0010464255
1.1434016e-05,0.99998856
1.9525884e-05,0.99998045
1.6701422e-05,0.9999833
3.785325e-06,0.9999962
6.5404374e-06,0.99999344
8.530321e-06,0.9999914
7.92014e-06,0.99999213
1.9223171e-05,0.9999808
1.4119089e-05,0.99998593
0.999905,9.49829e-05
5.1739194e-06,0.9999949
4.4428116e-06,0.9999956
6.302759e-05,0.99993694
6.439038e-06,0.99999356
8.630874e-06,0.9999914
6.464239e-06,0.99999356
5.6162335e-06,0.9999944
3.6976385e-06,0.9999963
5.225227e-05,0.9999478
7.2113753e-06,0.99999285
0.99992037,7.967302e-05
8.139693e-06,0.9999919
7.4112804e-06,0.9999926
4.0452273e-06,0.99999595
0.9998952,0.000104725565
8.974685e-06,0.99999106
4.1899716e-06,0.9999958
3.6545598e-06,0.9999963
1.0370215e-05,0.9999896
0.99987996,0.00012006662
3.7489724e-05,0.99996257
3.6545598e-06,0.9999963
3.3016208e-06,0.99999666
6.439038e-06,0.99999356
2.5466403e-05,0.9999745
0.99987173,0.00012830943
0.99970406,0.0002959571
1.1169151e-05,0.9999888
0.99990356,9.6478514e-05
0.99991107,8.888084e-05
1.3954599e-05,0.99998605
7.766952e-06,0.99999225
0.9999087,9.13445e-05
4.8038232e-06,0.99999523
5.8628143e-06,0.99999416
4.8038232e-06,0.99999523
4.6378736e-06,0.99999535
5.3800236e-06,0.99999464
4.157365e-06,0.9999958
0.017176708,0.98282325
6.364022e-06,0.9999937
2.8298988e-05,0.99997175
1.2460073e-05,0.9999875
7.324937e-06,0.9999927
8.0448635e-06,0.999992
0.99991846,8.156225e-05
9.590888e-06,0.99999046
4.7478566e-06,0.99999523
1.6442495e-05,0.99998355
0.9999187,8.124429e-05
7.0718957e-06,0.99999297
3.741225e-06,0.9999963
0.0023596606,0.9976404
0.999879,0.0001210082
6.8811437e-06,0.9999931
7.4694067e-06,0.9999925
6.464239e-06,0.99999356
1.4510478e-05,0.99998546
5.034362e-06,0.999995
1.2508839e-05,0.9999875
9.479151e-06,0.99999046
7.858505e-06,0.99999213
1.4229825e-05,0.9999858
7.5870316e-06,0.9999924
9.590888e-06,0.99999046
6.5404374e-06,0.99999344
5.0738468e-06,0.9999949
4.125012e-06,0.9999958
0.99992454,7.5433214e-05
0.9999145,8.547617e-05
1.0249399e-05,0.99998975
7.5574535e-06,0.9999925
8.0448635e-06,0.999992
6.464239e-06,0.99999356
0.017359,0.98264104
8.203532e-06,0.9999918
0.9998969,0.00010310212
0.9998969,0.00010310212
0.00025315638,0.99974686
3.3016208e-06,0.99999666
3.6621306e-05,0.9999634
4.8226243e-06,0.99999523
3.8449352e-06,0.9999962
1.020944e-05,0.99998975
8.10796e-06,0.9999919
9.259568e-06,0.9999907
1.520684e-05,0.99998474
4.898569e-06,0.9999951
3.7558673e-06,0.9999962
0.999864,0.00013605112
4.4254907e-06,0.9999956
5.2966143e-06,0.99999475
6.2409313e-06,0.9999938
3.2125656e-06,0.9999968
3.5699022e-06,0.9999964
7.0863265e-05,0.9999292
0.9999083,9.170197e-05
3.6832228e-06,0.9999963
5.2966143e-06,0.99999475
3.3275157e-06,0.99999666
4.4428116e-06,0.9999956
3.9825127e-06,0.99999607
2.411114e-05,0.9999759
8.766788e-06,0.9999912
1.0329784e-05,0.9999896
2.994441e-06,0.999997
3.640312e-06,0.9999963
3.6119832e-06,0.9999964
5.2759647e-06,0.99999475
0.00018450376,0.9998155
4.70222e-05,0.99995303
3.640312e-06,0.9999963
3.9054835e-06,0.99999607
3.200041e-06,0.9999968
4.841499e-06,0.9999951
3.6261201e-06,0.9999964
3.6261201e-06,0.9999964
6.6955386e-06,0.9999933
4.6742484e-06,0.99999535
3.9515203e-06,0.99999607
4.477656e-06,0.99999547
6.48954e-06,0.99999356
0.9995678,0.0004322415
0.9998629,0.00013711804
4.2228335e-06,0.9999958
7.616726e-06,0.9999924
1.8129196e-05,0.9999819
3.2504342e-06,0.9999968
5.8171895e-06,0.99999416
4.2893334e-06,0.9999957
3.1875652e-06,0.9999968
9.590888e-06,0.99999046
6.2409313e-06,0.9999938
3.8299454e-06,0.9999962
2.9595546e-06,0.999997
0.9998872,0.00011279297
1.1705164e-05,0.9999883
2.152888e-05,0.9999784
0.9847231,0.015276946
0.9997962,0.00020382462
5.749418e-06,0.9999943
1.9525884e-05,0.99998045
4.013747e-06,0.99999595
0.99975365,0.00024632958
4.4254907e-06,0.9999956
3.3016208e-06,0.99999666
6.48954e-06,0.99999356
4.4602e-06,0.9999956
3.5008545e-06,0.99999654
4.4254907e-06,0.9999956
0.99977,0.00023005706
0.99993694,6.302759e-05
0.00012291357,0.9998771
0.9999057,9.42438e-05
0.999666,0.00033404317
0.9994093,0.00059071044
3.7489724e-05,0.99996257
6.643433e-06,0.9999933
3.7266393e-06,0.9999963
3.4465788e-06,0.99999654
4.495181e-06,0.99999547
0.99746895,0.0025311115
2.6070305e-05,0.9999739
4.10893e-06,0.99999595
3.9207694e-06,0.99999607
0.002336783,0.99766326
4.5659704e-06,0.99999547
0.00057254656,0.99942744
0.9996892,0.00031076217
4.7293465e-06,0.99999523
5.194169e-06,0.99999475
0.00023689508,0.9997631
3.9980987e-06,0.99999595
4.8604484e-06,0.9999951
3.263156e-06,0.9999968
0.99973935,0.00026068083
9.934061e-06,0.9999901
4.1411568e-06,0.9999958
3.3016208e-06,0.99999666
0.001264422,0.9987356
3.8299454e-06,0.9999962
3.6688632e-06,0.9999963
5.194169e-06,0.99999475
0.9989857,0.0010142631
3.0415963e-06,0.9999969
3.1259124e-06,0.9999969
2.971138e-06,0.999997
3.9980987e-06,0.99999595
3.5008545e-06,0.99999654
3.5838746e-06,0.9999964
4.692543e-06,0.99999535
7.2963794e-06,0.9999927
0.9998771,0.00012291357
5.507606e-06,0.9999945
0.99990726,9.278282e-05
3.7266393e-06,0.9999963
3.263156e-06,0.9999968
5.1739194e-06,0.9999949
0.999826,0.00017400544
5.8628143e-06,0.99999416
0.00212811,0.9978719
0.99960643,0.0003935756
2.994441e-06,0.999997
4.013747e-06,0.99999595
0.99989605,0.000103910665
0.997783,0.0022170132
0.9998722,0.00012780925
3.3275157e-06,0.99999666
0.004198795,0.99580115
5.8171895e-06,0.99999416
3.1137256e-06,0.9999969
0.999658,0.00034196203
0.99991107,8.888084e-05
4.7293465e-06,0.99999523
5.897834e-05,0.999941
4.306121e-06,0.9999957
0.000108049564,0.999892
3.785325e-06,0.9999962
0.0013777326,0.9986223
6.48954e-06,0.99999356
0.99974185,0.00025814815
4.1899716e-06,0.9999958
6.643433e-06,0.9999933
1.0329784e-05,0.9999896
0.99983585,0.00016410438
0.99987614,0.00012387747
0.9969066,0.0030933863
4.35688e-06,0.9999956
2.994441e-06,0.999997
2.9365233e-06,0.999997
2.8573158e-06,0.99999714
4.6742484e-06,0.99999535
1.1843139e-05,0.9999882
3.2444816e-05,0.9999676
3.138147e-06,0.9999969
8.939696e-06,0.99999106
0.9996567,0.0003433
3.3275157e-06,0.99999666
4.593298e-05,0.9999541
3.7121106e-06,0.9999963
3.7266393e-06,0.9999963
1.1936026e-05,0.9999881
3.3799163e-06,0.99999666
6.8009767e-06,0.9999932
5.8857604e-06,0.99999416
0.9994967,0.0005033356
4.3398945e-06,0.9999957
0.99986446,0.0001355208
4.4254907e-06,0.9999956
0.99919754,0.00080251833
4.1659587e-05,0.9999584
0.9998148,0.00018522574
6.6694347e-06,0.9999933
5.0738468e-06,0.9999949
0.9985562,0.0014437558
0.99991345,8.648364e-05
3.4736106e-06,0.99999654
5.4647453e-06,0.9999945
3.9669862e-06,0.99999607
3.3931449e-06,0.99999666
4.4254907e-06,0.9999956
2.1613141e-05,0.9999784
3.5145565e-06,0.99999654
3.4600682e-06,0.99999654
0.99963737,0.00036259
7.52799e-06,0.9999925
0.9998977,0.00010229986
3.6832228e-06,0.9999963
4.2228335e-06,0.9999958
0.99984527,0.00015476662
0.00013658355,0.9998634
0.999884,0.000115919334
4.1411568e-06,0.9999958
3.7705674e-06,0.9999962
2.6792983e-05,0.9999732
3.5145565e-06,0.99999654
0.00096975197,0.99903023
3.006161e-06,0.999997
6.464239e-06,0.99999356
0.99985516,0.00014482439
0.9998067,0.00019335657
4.1899716e-06,0.9999958
0.999729,0.00027106234
4.125012e-06,0.9999958
0.0012089458,0.99879104
0.9999087,9.13445e-05
6.402007e-05,0.999936
3.3931449e-06,0.99999666
0.00010513541,0.99989486
3.5979012e-06,0.9999964
4.9757095e-06,0.999995
0.99910307,0.00089693937
2.4779507e-05,0.9999752
0.00029365462,0.9997063
8.332719e-06,0.99999166
0.9999212,7.874486e-05
9.332193e-06,0.9999907
3.2759278e-06,0.9999968
4.7850945e-06,0.99999523
3.8449352e-06,0.9999962
2.8573158e-06,0.99999714
0.9998529,0.00014710471
6.439038e-06,0.99999356
2.9827668e-06,0.999997
0.9998691,0.00013083976
3.7266393e-06,0.9999963
3.6976385e-06,0.9999963
3.3405393e-06,0.99999666
3.200041e-06,0.9999968
3.487206e-06,0.99999654
7.797352e-06,0.99999225
1.1659529e-05,0.9999883
8.5637075e-06,0.9999914
4.7293465e-06,0.99999523
2.925075e-06,0.999997
3.785325e-06,0.9999962
0.9997203,0.00027966435
4.9951846e-06,0.999995
0.99344844,0.0065515246
4.5481693e-06,0.99999547
5.0738468e-06,0.9999949
3.8150138e-06,0.9999962
3.8299454e-06,0.9999962
4.3229747e-06,0.9999957
6.5404374e-06,0.99999344
3.8299454e-06,0.9999962
0.99963737,0.00036259
7.1273603e-06,0.99999285
4.8604484e-06,0.9999951
3.8449352e-06,0.9999962
0.9998191,0.00018093578
3.1627592e-06,0.9999968
4.8604484e-06,0.9999951
7.368593e-05,0.9999263
5.214498e-06,0.99999475
1.1256751e-05,0.9999888
3.6545598e-06,0.9999963
4.477656e-06,0.99999547
9.553497e-06,0.99999046
3.138147e-06,0.9999969
2.0383159e-05,0.9999796
3.859984e-06,0.9999962
4.3398945e-06,0.9999957
7.92014e-06,0.99999213
0.99990356,9.6478514e-05
0.999892,0.000108049564
4.35688e-06,0.9999956
1.3792024e-05,0.9999862
0.004314688,0.99568534
0.00014710471,0.9998529
4.619792e-06,0.99999535
4.1899716e-06,0.9999958
8.597225e-06,0.9999914
0.99966335,0.0003366622
4.512775e-06,0.99999547
4.6742484e-06,0.99999535
3.7266393e-06,0.9999963
3.9669862e-06,0.99999607
3.200041e-06,0.9999968
5.5725272e-06,0.9999944
6.721744e-06,0.9999933
0.0008040859,0.9991959
3.0297385e-06,0.999997
6.9351136e-06,0.9999931
3.9054835e-06,0.99999607
1.3525268e-05,0.9999865
3.1259124e-06,0.9999969
0.00017536995,0.9998247
5.2966143e-06,0.99999475
6.3889293e-06,0.99999356
3.5008545e-06,0.99999654
0.9997336,0.00026634047
0.99986017,0.00013982208
2.8520933e-05,0.9999715
4.7293465e-06,0.99999523
6.3889293e-06,0.99999356
5.3800236e-06,0.99999464
1.6636308e-05,0.9999833
3.9980987e-06,0.99999595
3.8150138e-06,0.9999962
9.818327e-06,0.9999902
3.065452e-06,0.9999969
5.194169e-06,0.99999475
3.3405393e-06,0.99999666
3.4197574e-06,0.99999654
1.593662e-05,0.999984
2.0303694e-05,0.99997973
0.99984336,0.00015659066
3.5283117e-06,0.9999964
4.8604484e-06,0.9999951
6.6955386e-06,0.9999933
4.5659704e-06,0.99999547
4.0929112e-06,0.99999595
3.2759278e-06,0.9999968
3.1137256e-06,0.9999969
7.827868e-06,0.99999213
9.187512e-06,0.9999908
5.359049e-06,0.99999464
0.99986494,0.0001349925
3.5008545e-06,0.99999654
4.6017813e-06,0.99999535
